ipc-lockup-overlay href,ipc-title-link-wrapper href,ipc-title__text,ipc-inline-list__item,ipc-inline-list__item (2),ipc-inline-list__item (3),sc-9fe7b0ef-0,metacritic-score-label,ipc-rating-star--rating,ipc-rating-star--voteCount,ipc-html-content-inner-div,sc-35f5f4fb-3,ipc-link href,ipc-link,sc-35f5f4fb-3 (2),ipc-link href (2),ipc-link (2),ipc-link href (3),ipc-link (3),ipc-link href (4),ipc-link (4),ipc-html-content-inner-div (2),ipc-link href (5),ipc-link (5),ipc-link href (6),ipc-link (6)
https://www.imdb.com/title/tt23289160/?ref_=ls_i_1,https://www.imdb.com/title/tt23289160/?ref_=ls_t_1,1. Godzilla Minus One,2023,2h 4m,PG-13,81,Metascore,7.6,(203K),A kamikaze pilot plagued by survivor's guilt seeks redemption when a giant monster he failed to kill is transformed by radiation from atomic bomb tests and lays siege to post-war Japan.,Director,https://www.imdb.com/name/nm0945724/?ref_=ls_li_1_1,Takashi Yamazaki,Stars,https://www.imdb.com/name/nm1126340/?ref_=ls_li_2_1,Ryûnosuke Kamiki,https://www.imdb.com/name/nm4947538/?ref_=ls_li_2_2,Minami Hamabe,https://www.imdb.com/name/nm4290253/?ref_=ls_li_2_3,Yuki Yamada,"Yeah this is simply the best film of the year. Full of emotion, action, and full on suspense that I have yet to witness all year. I love monster movies so when people are claiming that this might be the best Godzilla film ever made I knew I had to weigh in my perspective on the matter. Which this does succeed in more ways than one. It would be a fool’s decision to not seek this out and experience for yourself that this does wonders for the entertainment factor. It is what you pay when you go to the movies and this movie does more than fit the bill. It surpasses entertainment it is the penuchle of what all monsters movies should be. Equals part Jaws, old school Godzilla films, and a nice new wave of excitement that only movies made today could pull off. This is blockbuster filmmaking at its finest.

10/10",,,,
https://www.imdb.com/title/tt22868844/?ref_=ls_i_2,https://www.imdb.com/title/tt22868844/?ref_=ls_t_2,2. Black Clover: Sword of the Wizard King,2023,1h 50m,TV-14,,,7.4,(9.8K),"In a world where magic is everything, Asta, a boy who was born with no magic, aims to become the ""Wizard King"" to overcome adversity, prove his power and keep his oath with his friends.",Director,https://www.imdb.com/name/nm9734896/?ref_=ls_li_1_1,Ayataka Tanemura,Stars,https://www.imdb.com/name/nm9309053/?ref_=ls_li_2_1,Gakuto Kajiwara,https://www.imdb.com/name/nm4858403/?ref_=ls_li_2_2,Nobunaga Shimazaki,https://www.imdb.com/name/nm5684848/?ref_=ls_li_2_3,Kana Yûki,"Might be my favorite movie to come out this year. I don’t care what anyone says this is one of my favorite anime I have ever watch. Black Clover is a great story about overcoming the impossible in the most in your face way. In order to beat it in you that giving up is never the option. I get that this is a filler and it is not a continuation of the series but it still has characters that I love and seeing these characters doing awesome fight scenes and interact will always bring a smile to my face. Asta is also a great protagonist. I respect him and like him out of any of the big three. How weird it is that to me this is one of the best and for me my flat out favorite film this year. Does my love for the anime influence my love for this film hell yeah. But even so this is still a bad ass action fantasy filled with laughs and heart. These characters haven’t missed a step.

9/10",,,,
https://www.imdb.com/title/tt22207786/?ref_=ls_i_3,https://www.imdb.com/title/tt22207786/?ref_=ls_t_3,3. Red Rooms,2023,1h 58m,Not Rated,80,Metascore,7.1,(21K),A model becomes obsessed with a high-profile murder trial.,Director,https://www.imdb.com/name/nm4317824/?ref_=ls_li_1_1,Pascal Plante,Stars,https://www.imdb.com/name/nm6406290/?ref_=ls_li_2_1,Juliette Gariépy,https://www.imdb.com/name/nm5278361/?ref_=ls_li_2_2,Laurie Babin,https://www.imdb.com/name/nm1866393/?ref_=ls_li_2_3,Sasha Samar,"This is straight fire. Holy shit I don’t know when this actually comes out but I’m so damn glad and excited that this did it’s job and completely blew away all expectations. I usually go blind into movies now without seeing a trailer but every once in a while mostly at the end of the year I see one that jumps immediately up to my number one spot. Based on pure knowledge and surprise a movie can do. This may not be my number one film of the year but it does reach levels that no other film this year did. The Guilty from 2018, The Novice from 2021, Soft and Quiet from last year, and even this movie fits in those traditions that I love to have at the end of the year to end on a high note but the fact that as I’m writing this the year is not even over makes me even more excited to see that one movie. But this one will hard to beat.",,,,
https://www.imdb.com/title/tt14230458/?ref_=ls_i_4,https://www.imdb.com/title/tt14230458/?ref_=ls_t_4,4. Poor Things,2023,2h 21m,R,88,Metascore,7.7,(392K),"An account of the fantastical evolution of Bella Baxter, a young woman brought back to life by the brilliant and unorthodox scientist Dr. Godwin Baxter.",Director,https://www.imdb.com/name/nm0487166/?ref_=ls_li_1_1,Yorgos Lanthimos,Stars,https://www.imdb.com/name/nm1297015/?ref_=ls_li_2_1,Emma Stone,https://www.imdb.com/name/nm0749263/?ref_=ls_li_2_2,Mark Ruffalo,https://www.imdb.com/name/nm0000353/?ref_=ls_li_2_3,Willem Dafoe,,,,,
https://www.imdb.com/title/tt1136617/?ref_=ls_i_5,https://www.imdb.com/title/tt1136617/?ref_=ls_t_5,5. The Killer,2023,1h 58m,R,73,Metascore,6.7,(223K),"Solitary, cold, methodical and unencumbered by scruples or regrets, a killer waits in the shadows, watching for his next target. Yet, the longer he waits, the more he thinks he's losing his mind, if not his cool.",Director,https://www.imdb.com/name/nm0000399/?ref_=ls_li_1_1,David Fincher,Stars,https://www.imdb.com/name/nm1055413/?ref_=ls_li_2_1,Michael Fassbender,https://www.imdb.com/name/nm0842770/?ref_=ls_li_2_2,Tilda Swinton,https://www.imdb.com/name/nm0663174/?ref_=ls_li_2_3,Charles Parnell,"Fincher is my boy. Honestly I’m just glad he is not making another biopic this time. I mean Mann, Nolan, and even Scorsese have made boring ass biopics this year. So at least Fincher has made a film that I can enjoy. And that is this one. A one hell of a wild ride that I couldn’t get enough of. Possibly my most watched movie this year solely because I was absorbed into the world that Fincher and more importantly the world through the view of Fassbender’s The Killer. I bought into his mind set and I bought into all of his doings. This is a lean mean fighting machine type of movie. It was everything I could love for a movie. A globe trotting adventure without all the glitz and glamour that comes with the genre. This stands out from the rest. And this is how you do a plot like this. Unlike The Creator and Saltburn two films I do like but I have seen those before and they play exactly as told. But this does take some turns I wasn’t expecting so this has a leg up from those films. Just like Beau is Afraid another film that we have seen before but both change things up a bit and add their own flavor to it.",,,,
https://www.imdb.com/title/tt13521006/?ref_=ls_i_6,https://www.imdb.com/title/tt13521006/?ref_=ls_t_6,6. Beau Is Afraid,2023,2h 59m,R,63,Metascore,6.6,(78K),"Following the sudden death of his mother, a mild-mannered but anxiety-ridden man confronts his darkest fears as he embarks on an epic odyssey back home.",Director,https://www.imdb.com/name/nm4170048/?ref_=ls_li_1_1,Ari Aster,Stars,https://www.imdb.com/name/nm0001618/?ref_=ls_li_2_1,Joaquin Phoenix,https://www.imdb.com/name/nm0526985/?ref_=ls_li_2_2,Patti LuPone,https://www.imdb.com/name/nm0752407/?ref_=ls_li_2_3,Amy Ryan,"Okay I am in love with this movie. I have to dig deep and just say out loud that this is one hell of a great time. I know that sounds crazy but damn, I didn’t over think too much and I won’t go into how crazy and the metaphors that are in the movie. You know what this should belong with great comedy’s like Superbad, After Hours, Road Trip, and plenty of other character has to get to point A to point B. Plot wise that is the brilliant side of this movie. It being a full on insane ride that will make you laugh your ass off while also being tense throughout the whole movie. There is a bit involving a bath tub and that whole scene is a work of brilliance. I really love this movie. Yeah the last 15 minutes wasn’t needed. But man was so much working for me and if you look at it with the lenses of just a full on comedy that deals with a simple film plot. Joker is just trying to get to his mom’s pad. That is it. Don’t over think it. This is Saltburn or even Babylon. Both movies I do like a lot. But do love. This is one I full on love. Out of all the look at me. Look at me, I’m a director. I can do crazy stuff and film and make art out of it. Here is a movie that says forget all that. This is a look at me movie, but in a different way. Story wise how this goes into so many avenues it is feat that only is achieve by letting the scene play out of sheer spontaneity. Just like those other great comedies where weird shit comes out of nowhere. This is just adding different music and drawing out the scenes to make it more impactful as a joke. It is brilliant. To me at least.",,,,
https://www.imdb.com/title/tt10638522/?ref_=ls_i_7,https://www.imdb.com/title/tt10638522/?ref_=ls_t_7,7. Talk to Me,2022,1h 35m,R,76,Metascore,7.1,(214K),"When a group of friends discover how to conjure spirits using an embalmed hand, they become hooked on the new thrill, until one of them goes too far and unleashes terrifying supernatural forces.",Directors,https://www.imdb.com/name/nm4053334/?ref_=ls_li_1_1,Danny Philippou,Stars,https://www.imdb.com/name/nm4073140/?ref_=ls_li_1_2,Michael Philippou,https://www.imdb.com/name/nm8490058/?ref_=ls_li_2_1,Ari McCarthy,https://www.imdb.com/name/nm6006955/?ref_=ls_li_2_2,Hamish Phillips,"As much as I love Nolan and everything this is truly my favorite movie experience all year. Went in blind didn’t even read the tagline just went in knowing that it was a horror movie and it comes from Australia. So an automatic requirement to see this ASAP. Because my number one should be a movie that will surprise the hell out of me. Like when I saw The Novice back in 2021 I knew that was my favorite movie of that year. Just how I feel about this one. It is not perfect but it is brutal, intense, and to me scary as hell. Which is exactly what I have been waiting for. I love almost every single second of this movie and it did not disappoint on any aspects when it comes to the script, direction, and of course acting.",https://www.imdb.com/name/nm13567262/?ref_=ls_li_2_3,Kit Erhart-Bruce,,
https://www.imdb.com/title/tt6587046/?ref_=ls_i_8,https://www.imdb.com/title/tt6587046/?ref_=ls_t_8,8. The Boy and the Heron,2023,2h 4m,PG-13,91,Metascore,7.3,(126K),"In the wake of his mother's death and his father's remarriage, a headstrong boy ventures into a dreamlike world shared by the living and the dead in search of his missing stepmother.",Director,https://www.imdb.com/name/nm0594503/?ref_=ls_li_1_1,Hayao Miyazaki,Stars,https://www.imdb.com/name/nm13177683/?ref_=ls_li_2_1,Soma Santoki,https://www.imdb.com/name/nm4027243/?ref_=ls_li_2_2,Masaki Suda,https://www.imdb.com/name/nm0793069/?ref_=ls_li_2_3,Kô Shibasaki,Fire,,,,
https://www.imdb.com/title/tt16300962/?ref_=ls_i_9,https://www.imdb.com/title/tt16300962/?ref_=ls_t_9,9. When Evil Lurks,2023,1h 39m,Not Rated,75,Metascore,6.9,(61K),"In a remote village, two brothers find a demon-infected man just about to ""give birth"" to evil itself. They decide to get rid of the body, only to end up unintentionally spreading chaos.",Director,https://www.imdb.com/name/nm1899608/?ref_=ls_li_1_1,Demián Rugna,Stars,https://www.imdb.com/name/nm0735822/?ref_=ls_li_2_1,Ezequiel Rodríguez,https://www.imdb.com/name/nm1891962/?ref_=ls_li_2_2,Demián Salomón,https://www.imdb.com/name/nm9553557/?ref_=ls_li_2_3,Silvina Sabater,The film that stuck with me the most this year. Holy crap this and Talk to Me are amongst not only the best horror films of the year but amongst the newer horror films to come out in recent memory. Definitely in the past 5 years. It is awesome brutal and downright nasty of a film. I love it.,,,,
https://www.imdb.com/title/tt9362722/?ref_=ls_i_10,https://www.imdb.com/title/tt9362722/?ref_=ls_t_10,10. Spider-Man: Across the Spider-Verse,2023,2h 20m,PG,86,Metascore,8.5,(522K),"Traveling across the multiverse, Miles Morales meets a new team of Spider-People, made up of heroes from different dimensions. But when the heroes clash over how to deal with a new threat, Miles finds himself at a crossroads.",Directors,https://www.imdb.com/name/nm1690966/?ref_=ls_li_1_1,Joaquim Dos Santos,Stars,https://www.imdb.com/name/nm5358492/?ref_=ls_li_1_2,Kemp Powers,https://www.imdb.com/name/nm1042511/?ref_=ls_li_1_3,Justin K. Thompson,https://www.imdb.com/name/nm4271336/?ref_=ls_li_2_1,Shameik Moore,"It shouldn’t be much a surprise that this is the best film of the year for me. Based solely on pure effort and I believe that can catapult your enjoyment on the film because when it is pulled off this well it should be considered when criticizing any type of entertainment. Because that is what the essence of that word means. So yeah why wouldn’t that be a factor when talking about the overall meaning of the film. I know some will say every film has people working hard that doesn’t give a film a pass on mediocrity. But this isn’t that. You can feel each sketch of animation every frame and every line of the story of this film adds more and more from the first film to make it better. The first film is to me better because it felt more complete. I know that might be a hot topic conversation starter but this is half a movie when it comes to the story. Just Dune was and Two Towers was way back in the day. This is still a rock n sock ‘‘em action film that delivers on thrills and chills. Can’t wait for the next one.

9/10",https://www.imdb.com/name/nm2794962/?ref_=ls_li_2_2,Hailee Steinfeld,https://www.imdb.com/name/nm3109964/?ref_=ls_li_2_3,Brian Tyree Henry
https://www.imdb.com/title/tt13651794/?ref_=ls_i_11,https://www.imdb.com/title/tt13651794/?ref_=ls_t_11,11. May December,2023,1h 57m,R,86,Metascore,6.7,(73K),"Twenty years after their notorious tabloid romance gripped the nation, a married couple buckles under pressure when an actress arrives to do research for a film about their past.",Director,https://www.imdb.com/name/nm0001331/?ref_=ls_li_1_1,Todd Haynes,Stars,https://www.imdb.com/name/nm0000204/?ref_=ls_li_2_1,Natalie Portman,https://www.imdb.com/name/nm3461890/?ref_=ls_li_2_2,Chris Tenzis,https://www.imdb.com/name/nm6217576/?ref_=ls_li_2_3,Charles Melton,One of the more gripping dramas to come out for a while. Unlike some of high profile dramas that want to glorify some heinous figures in our past here is a film that doesn’t flinch at the idea to show people’s true nature. Which it does here. Take in the whole picture not just pick and choose the parts of someone’s life that suit you to tell some uplifting story about an individual who never was a good individual. All these bio pics this year are like that. So I’m so glad a movie like this exists because whenever they make another bio pic about an individual who has done some heinous acts against humanity. Haynes never disappoints. If only he could movies along a little faster. A lot of drama movies have come out this year but this one stands out the most because of the subject matter that expands what is expected from these type of movies. So this one is one of those dramas that stand out. That don’t have any outside factor to stand on. It stands completely on the back of its story and screenplay. That is what makes this special and standout compared to other so called dramas out there. As much as I like some of them they don’t have the weight this one does. This is about the people where again I can’t hold to candle to the others. Even something like Maestro but even that has an element that exceeds past its own story. This doesn’t have that. Which makes me like this one even more.,,,,
https://www.imdb.com/title/tt14849194/?ref_=ls_i_12,https://www.imdb.com/title/tt14849194/?ref_=ls_t_12,12. The Holdovers,2023,2h 13m,R,82,Metascore,7.9,(247K),"In 1970, a curmudgeonly history teacher at a New England boarding school remains on campus during Christmas break to supervise held over students, and ends up forming an unlikely bond with a brainy but damaged troublemaker.",Director,https://www.imdb.com/name/nm0668247/?ref_=ls_li_1_1,Alexander Payne,Stars,https://www.imdb.com/name/nm0316079/?ref_=ls_li_2_1,Paul Giamatti,https://www.imdb.com/name/nm5007768/?ref_=ls_li_2_2,Da'Vine Joy Randolph,https://www.imdb.com/name/nm14073757/?ref_=ls_li_2_3,Dominic Sessa,"Two powerful dramas that are about people have been extraordinary to come out. May December and this. I would call Oppenheimer and KOTFM dramas but they have other aspects that affect the drama. KOTFM with its crime angle doesn’t make it a full on drama like this one is, and Oppenheimer because of the War angle. But this and May December are what I would call old school drama movies like the ones made way back in the day. But The Holdovers is the one that stands out because it is so gripping and interesting to bring excellent discussion to the table. About grief, potential how to not to waste it, along with never settling for anything less. A true testament of one’s own way of living. So yeah I love it and it packs a mean punch by the end. Some dramas do try to have other elements like I mentioned with the other movies but this is an old school old fashioned drama about people. Even something like Past Lives doesn’t have this much drama behind it.",,,,
https://www.imdb.com/title/tt21064584/?ref_=ls_i_13,https://www.imdb.com/title/tt21064584/?ref_=ls_t_13,13. The Iron Claw,2023,2h 12m,R,73,Metascore,7.5,(119K),"The true story of the inseparable Von Erich brothers, who made history in the intensely competitive world of professional wrestling in the early 1980s.",Director,https://www.imdb.com/name/nm1699934/?ref_=ls_li_1_1,Sean Durkin,Stars,https://www.imdb.com/name/nm1374980/?ref_=ls_li_2_1,Zac Efron,https://www.imdb.com/name/nm2087739/?ref_=ls_li_2_2,Jeremy Allen White,https://www.imdb.com/name/nm6170168/?ref_=ls_li_2_3,Harris Dickinson,"One of the better movies I have seen this year. I feel like this wouldn’t be in my top ten any other year. And I feel like maybe if I did watch more movies this wouldn’t last but even so this was a week year. However, this movie that stands on its own is something truly expected to know what movie this is but while also delivering on those promises. I knew it was going to be tragic along with it being expertly told and even written. It’s some of the best acting I have seen and Zac Efron has never been better.",,,,
https://www.imdb.com/title/tt23561236/?ref_=ls_i_14,https://www.imdb.com/title/tt23561236/?ref_=ls_t_14,14. American Fiction,2023,1h 57m,R,81,Metascore,7.5,(134K),A novelist who's fed up with the establishment profiting from Black entertainment uses a pen name to write a book that propels him into the heart of the hypocrisy and madness he claims to disdain.,Director,https://www.imdb.com/name/nm6852255/?ref_=ls_li_1_1,Cord Jefferson,Stars,https://www.imdb.com/name/nm0942482/?ref_=ls_li_2_1,Jeffrey Wright,https://www.imdb.com/name/nm4169254/?ref_=ls_li_2_2,Skyler Wright,https://www.imdb.com/name/nm0018099/?ref_=ls_li_2_3,John Ales,,,,,
https://www.imdb.com/title/tt13238346/?ref_=ls_i_15,https://www.imdb.com/title/tt13238346/?ref_=ls_t_15,15. Past Lives,2023,1h 45m,PG-13,94,Metascore,7.8,(172K),"Nora and Hae Sung, two deeply connected childhood friends, are wrested apart after Nora's family emigrates from South Korea. Twenty years later, they are reunited for one fateful week as they confront notions of love and destiny.",Director,https://www.imdb.com/name/nm10227660/?ref_=ls_li_1_1,Celine Song,Stars,https://www.imdb.com/name/nm2336966/?ref_=ls_li_2_1,Greta Lee,https://www.imdb.com/name/nm1654982/?ref_=ls_li_2_2,Teo Yoo,https://www.imdb.com/name/nm1910274/?ref_=ls_li_2_3,John Magaro,"Yep I love it. Nothing to complain about. Move over Woody Allen you are not the only one to film two people walking around New York talking about what could have been. Damn even writing that makes me want to weep. Aside from performances the direction here is spot on. I really deeply hope that Celine Song name is among the best director list. Because holy crap that is the highest praise I can give this film outside the story and acting. It is nothing short of a modern masterpiece and I know that word gets thrown around a lot lately but it suits this film like a glove. Man do I love how deeply affective a film like this can be. But Fruits Baskets did it better.

10/10",,,,
https://www.imdb.com/title/tt5302918/?ref_=ls_i_16,https://www.imdb.com/title/tt5302918/?ref_=ls_t_16,16. Nyad,2023,2h 1m,PG-13,63,Metascore,7.1,(45K),"The remarkable true story of athlete Diana Nyad who, at the age of 60 and with the help of her best friend and coach, commits to achieving her life-long dream: a 110-mile open ocean swim from Cuba to Florida.",Directors,https://www.imdb.com/name/nm3011011/?ref_=ls_li_1_1,Jimmy Chin,Stars,https://www.imdb.com/name/nm1888091/?ref_=ls_li_1_2,Elizabeth Chai Vasarhelyi,https://www.imdb.com/name/nm0000906/?ref_=ls_li_2_1,Annette Bening,https://www.imdb.com/name/nm0000149/?ref_=ls_li_2_2,Jodie Foster,"Sometimes a feel good real inspirational joy ride is what you need. A lot and I mean a lot of biopics came out this year and I’m sick and tired of these god awful long and boring movies that are never fun. This is fun, this is exciting and this is how movies are made. Both the lead performances are great and even at 2 hours it never felt shorter. It was an awesome ride that made me laugh and smile very much. Don’t let life win. You win.",https://www.imdb.com/name/nm13578781/?ref_=ls_li_2_3,Anne Marie Kempf,,
https://www.imdb.com/title/tt12263384/?ref_=ls_i_17,https://www.imdb.com/title/tt12263384/?ref_=ls_t_17,17. Extraction II,2023,2h 2m,R,57,Metascore,7.0,(173K),"After barely surviving his grievous wounds from his mission in Dhaka, Bangladesh, Tyler Rake is back, and his team is ready to take on their next mission.",Director,https://www.imdb.com/name/nm1092087/?ref_=ls_li_1_1,Sam Hargrave,Stars,https://www.imdb.com/name/nm1165110/?ref_=ls_li_2_1,Chris Hemsworth,https://www.imdb.com/name/nm0267042/?ref_=ls_li_2_2,Golshifteh Farahani,https://www.imdb.com/name/nm5575653/?ref_=ls_li_2_3,Adam Bessa,"Fire. This shit is straight gas. I have seen it twice and wow does this get the ball rolling from the word go. It is a fun ride that doesn’t over stay it’s welcome but sadly it falls short compared to the first film. I was hoping that this might surpass the first Extraction but without a pure badass villain and more focus on Tyler Rake’s pass kinda brought the movie down for me. However, Chris Hemsworth is still delivering a top notch performance aside from the action sequences. He has made this character his own with nothing to tie him down creatively. And Sam Hargrave provides enough for him to go above and beyond than what is written on the page. He still is an awesome character that has become a 21st century John McClain. And I mean that with all honesty. Bring on the third one

8/10",,,,
https://www.imdb.com/title/tt15398776/?ref_=ls_i_18,https://www.imdb.com/title/tt15398776/?ref_=ls_t_18,18. Oppenheimer,2023,3h,R,90,Metascore,8.2,(1M),"A dramatization of the life story of J. Robert Oppenheimer, the physicist who had a large hand in the development of the atomic bombs that brought an end to World War II.",Director,https://www.imdb.com/name/nm0634240/?ref_=ls_li_1_1,Christopher Nolan,Stars,https://www.imdb.com/name/nm0614165/?ref_=ls_li_2_1,Cillian Murphy,https://www.imdb.com/name/nm1289434/?ref_=ls_li_2_2,Emily Blunt,https://www.imdb.com/name/nm0000354/?ref_=ls_li_2_3,Matt Damon,"Just off of pure craftsmanship this is untouchable. Nolan time and time again does the unthinkable while at the same time delivering on what made him a force to be reckon with. I do have some complaints. The beginning is very Wikipedia dump about Oppenheimer it did not grab the attention like so many of his other movies. I mean Nolan’s openings are usually miniature movie themselves. From Inception, The Dark Knight, and even Tenet. However, the way he uses the atom bomb to symbolize a terrible and catastrophic weapon that killed millions he always paints a very serious picture of another serious weapon that can be used against us. Information. That is then the focal point in the third act where I heard a certain number of people had a problem with. How it turns into a non courtroom drama about finding out the truth. And while Nolan is doing his usual told out of order routine it still managed to keep me engage. Even without the big loud explosions that third act had enough to be desired. So this worked for me and it being a new favorite this Summer is nothing less than expected. The cast itself still has a lot to desire. Peaky is great and should totally win him that Oscar, Iron homie is great here as well, along with Boy Sweat Dave who just towers over Murphy in physically and in charisma. I honestly can’t say I would see this ever again but on a large scale exploration of what movies this medium are supposed to do is an awesome experience to behold. O yeah and Jason Bourne is also just downright incredible in this and I can see him get an Oscar nomination with this and Air he is having a great year.

10/10",,,,
https://www.imdb.com/title/tt5537002/?ref_=ls_i_19,https://www.imdb.com/title/tt5537002/?ref_=ls_t_19,19. Killers of the Flower Moon,2023,3h 26m,R,89,Metascore,7.5,(307K),"When oil is discovered in 1920s Oklahoma under Osage Nation land, the Osage people are murdered one by one - until the FBI steps in to unravel the mystery.",Director,https://www.imdb.com/name/nm0000217/?ref_=ls_li_1_1,Martin Scorsese,Stars,https://www.imdb.com/name/nm0000138/?ref_=ls_li_2_1,Leonardo DiCaprio,https://www.imdb.com/name/nm0000134/?ref_=ls_li_2_2,Robert De Niro,https://www.imdb.com/name/nm4291409/?ref_=ls_li_2_3,Lily Gladstone,"They are a lot of 9/10 movies I rated this year but none have tested any truer than this one. It honestly makes all the other films drop down in ratings based solely on how brilliant this film is with many flaws. First is Dicap who is solely miscast. Lily Gladstone is incredible but she is bedridden for a majority of the movie and aside from her no other Osage community member has a shed of presence. For a story that entirely should be about them. But Lily’s character, Molly, being the sole representative of this community and for her to be absent most of the movie leaves a lot to be desired. Which is the ultimate complaint I have against the movie being underwhelming as hell.",,,,
https://www.imdb.com/title/tt16419074/?ref_=ls_i_20,https://www.imdb.com/title/tt16419074/?ref_=ls_t_20,20. Air,2023,1h 51m,R,73,Metascore,7.4,(195K),The history of the game-changing partnership between a then undiscovered Michael Jordan and Nike's fledgling basketball division which revolutionized the world of sports and culture with the Air Jordan brand.,Director,https://www.imdb.com/name/nm0000255/?ref_=ls_li_1_1,Ben Affleck,Stars,https://www.imdb.com/name/nm0000354/?ref_=ls_li_2_1,Matt Damon,https://www.imdb.com/name/nm0000867/?ref_=ls_li_2_2,Jason Bateman,https://www.imdb.com/name/nm0000255/?ref_=ls_li_2_3,Ben Affleck,"Aside from the fact that at the end it says Travis Knight donated a shit ton of money to charity without anything else to go off of at the end was a little jarring. But everything else I flat out love. The biopics about inventing stuff has been pretty good and this rises above the rest. But BlackBerry and even Tetris have Air a run for it’s money. I do love at the end it does mention how influential Jordan was not only to the NBA but also his legacy as a human being coming from humble beginnings can be very tiresome seeing over and over again but here is a company who took that opportunity the same way Jordan did with the NBA which is why it works so well. I love the performances and everyone here did an amazing job.

9/10",,,,
https://www.imdb.com/title/tt21192142/?ref_=ls_i_21,https://www.imdb.com/title/tt21192142/?ref_=ls_t_21,21. All of Us Strangers,2023,1h 45m,R,90,Metascore,7.6,(79K),A screenwriter drawn back to his childhood home enters into a fledgling relationship with his downstairs neighbor while discovering a mysterious new way to heal from losing his parents 30 years ago.,Director,https://www.imdb.com/name/nm0354091/?ref_=ls_li_1_1,Andrew Haigh,Stars,https://www.imdb.com/name/nm0778831/?ref_=ls_li_2_1,Andrew Scott,https://www.imdb.com/name/nm8958770/?ref_=ls_li_2_2,Paul Mescal,https://www.imdb.com/name/nm15211024/?ref_=ls_li_2_3,Carter John Grout,Catching up a lot with the Oscar movies only to find out this wasn’t nominated for anything. Completely overlooked for me in the best adapted screenplay. Maybe even lead for Andrew Scott. For me I would take out Coleman but I’m fine with that nominee. But to me I didn’t find this the sad gay movie the way it was sold to me. It is a sad movie but damn anyone can feel exactly what this movie is going for. I haven’t seen much of the directors work. Which I think this might be the first I have seen from him so it’s crazy that this is the first film from him and I have to say I may have fell in love with this movie. Performances and directing was all top notch which it does stand out as one of the best acted movie this year. As I was saying about dramas this year this would be amongst some of them. It may go off the rails by the end but it still has so many good other proponents that makes this a really good movie.,,,,
https://www.imdb.com/title/tt9603212/?ref_=ls_i_22,https://www.imdb.com/title/tt9603212/?ref_=ls_t_22,22. Mission: Impossible - Dead Reckoning Part One,2023,2h 43m,PG-13,81,Metascore,7.6,(327K),Ethan Hunt and his IMF team must track down a terrifying new weapon that threatens all of humanity.,Director,https://www.imdb.com/name/nm0003160/?ref_=ls_li_1_1,Christopher McQuarrie,Stars,https://www.imdb.com/name/nm0000129/?ref_=ls_li_2_1,Tom Cruise,https://www.imdb.com/name/nm2017943/?ref_=ls_li_2_2,Hayley Atwell,https://www.imdb.com/name/nm0000609/?ref_=ls_li_2_3,Ving Rhames,"I really wish I liked this more. Because Fallout is in my top 3 best action movies of all time and it number 3 I can tell you that. Sadly Dead Reckoning isn’t as good as I hoped but because of how weak this year as been so far and countless of disappointing films to come out this year it still manages to come out on top. All of the stunts are top notch, the performances along with some actual grunge lines coming from the heart in some of these actors are quite touching. But it seems a lot of short comings are bleeding through and extremely noticeable. The first being some of the performances are not that good as even some previous movies those actors have been in. Along with some of the newcomers are not bringing their A game as I hoped. With the exception of Peggy Carter. She is in top form mainly because McQuiree is not afraid to go for broke when it comes with giving actors their time to shine. And Peggy Carter has both the action part down along with the vulnerability down to a T. The second act tho is the biggest culprit when it comes to my complaints. Because holy crap do I have a lot of problems with the middle section of the movie. A lot of movies are like that. Even the big motorcycle jump stunt isn’t as hot or as big as the movie tries to make it seem. The train sequence tho is big bombastic and insane which made me love it. Very strong Uncharted vibes which is maybe why I love the third act so much. Aside from the motorcycle stunt. Also the beginning Hunt for Red October homage was again McQuairee flexing his filmmaking muscles so much I almost had to dodge just how strong he was delivering. I am huge fan of this franchise and will continue to see these films day one. So bring on part two. Which might be better and I hope so.

My ranking:

1.) Fallout
2.) M:I:III
3.) Rogue Nation
4.) Mission Impossible
5.) Ghost Protocol
6.) Dead Reckoning
7.) M:I:II",,,,
https://www.imdb.com/title/tt21867434/?ref_=ls_i_23,https://www.imdb.com/title/tt21867434/?ref_=ls_t_23,23. BlackBerry,2023,2h,R,78,Metascore,7.3,(70K),The story of the meteoric rise and catastrophic demise of the world's first smartphone.,Director,https://www.imdb.com/name/nm4798740/?ref_=ls_li_1_1,Matt Johnson,Stars,https://www.imdb.com/name/nm0059431/?ref_=ls_li_2_1,Jay Baruchel,https://www.imdb.com/name/nm1097351/?ref_=ls_li_2_2,Glenn Howerton,https://www.imdb.com/name/nm4798740/?ref_=ls_li_2_3,Matt Johnson,"Be a shark amongst pirates. In the world of business sometimes you have to get dirty and that’s what these fools did. However there really is no beating those above us. They crumbled something that was supposed to be the brink of the future and greed verge its ugly grad into there rear view to come in to create destruction.

9/10",,,,
https://www.imdb.com/title/tt1517268/?ref_=ls_i_24,https://www.imdb.com/title/tt1517268/?ref_=ls_t_24,24. Barbie,2023,1h 54m,PG-13,80,Metascore,6.8,(669K),"Barbie and Ken are having the time of their lives in the seemingly perfect world of Barbie Land. However, when they get a chance to go to the outside world, they soon discover the joys and perils of living among regular humans.",Director,https://www.imdb.com/name/nm1950086/?ref_=ls_li_1_1,Greta Gerwig,Stars,https://www.imdb.com/name/nm3053338/?ref_=ls_li_2_1,Margot Robbie,https://www.imdb.com/name/nm0331516/?ref_=ls_li_2_2,Ryan Gosling,https://www.imdb.com/name/nm4793987/?ref_=ls_li_2_3,Issa Rae,"If there is anything to take away from this movie is that Greta Gerwig should be able to cook whatever she has going. Yes Noah did help cowrite the script and did input a lot in the story to flesh out the story to feel more grand in scope. But this is mainly Gerwig story and film through and through. She is a powerhouse in direction and one new aspect is her out there comedy that maybe Baumbach had an input but her direction is full blown goofy with so much success. Oppenheimer may have better cinematography and score but I will watch this over that film any day of the week.

8.5/10",,,,
https://www.imdb.com/title/tt6791350/?ref_=ls_i_25,https://www.imdb.com/title/tt6791350/?ref_=ls_t_25,25. Guardians of the Galaxy Vol. 3,2023,2h 30m,PG-13,64,Metascore,7.9,(470K),"Still reeling from the loss of Gamora, Peter Quill rallies his team to defend the universe and one of their own - a mission that could mean the end of the Guardians if not successful.",Director,https://www.imdb.com/name/nm0348181/?ref_=ls_li_1_1,James Gunn,Stars,https://www.imdb.com/name/nm0695435/?ref_=ls_li_2_1,Chris Pratt,https://www.imdb.com/name/nm1030244/?ref_=ls_li_2_2,Chukwudi Iwuji,https://www.imdb.com/name/nm0177896/?ref_=ls_li_2_3,Bradley Cooper,"This is it. I knew it had to be emotional but what really surprised me was how lacking in the depressing department this is. It wasn’t an overhaul of sadness which was what I was expecting instead Gunn and crew delivered a story to lift your head up high and reach out to anyone in need. That was I walk away from. That everything will be alright and go in to have an awesome time. No Sleep for Brooklyn. Top ten scenes ever.

9/10",,,,
https://www.imdb.com/title/tt4873118/?ref_=ls_i_26,https://www.imdb.com/title/tt4873118/?ref_=ls_t_26,26. The Covenant,2023,2h 3m,R,63,Metascore,7.5,(209K),"During the war in Afghanistan, a local interpreter risks his own life to carry an injured sergeant across miles of grueling terrain.",Director,https://www.imdb.com/name/nm0005363/?ref_=ls_li_1_1,Guy Ritchie,Stars,https://www.imdb.com/name/nm0350453/?ref_=ls_li_2_1,Jake Gyllenhaal,https://www.imdb.com/name/nm1502469/?ref_=ls_li_2_2,Dar Salim,https://www.imdb.com/name/nm4727272/?ref_=ls_li_2_3,Sean Sagar,Awesome. I can’t believe I forgot to put this on my list but damn was this shit awesome. I love Jake G and love this story. Dar Salim should be considered for best supporting actor for his work here because it is flawless.,,,,
https://www.imdb.com/title/tt8589698/?ref_=ls_i_27,https://www.imdb.com/title/tt8589698/?ref_=ls_t_27,27. Teenage Mutant Ninja Turtles: Mutant Mayhem,2023,1h 39m,PG,74,Metascore,7.2,(78K),The Turtle brothers work to earn the love of New York City while facing down an army of mutants.,Directors,https://www.imdb.com/name/nm6676487/?ref_=ls_li_1_1,Jeff Rowe,Stars,https://www.imdb.com/name/nm5859016/?ref_=ls_li_1_2,Kyler Spears,https://www.imdb.com/name/nm9368660/?ref_=ls_li_2_1,Micah Abbey,https://www.imdb.com/name/nm8366356/?ref_=ls_li_2_2,Shamon Brown Jr.,"Best TMNT movie out there. And surprise the two best are animated films. What a shocker. Maybe this story only works in animation. I can see the benefits in telling this story with these characters this way but man I really hope we get the actual TMNT in the next movie because I know with this set up and the potential for the future we can see this go for the actual best that these characters can offer. I have always been a fan of these characters and movies. So when they got this right I knew I was going to love it. How could I not with this cast and animation this was Taylor made to do the impossible. It made laugh cheer and flat out feel in love with them all over again.

9/10",https://www.imdb.com/name/nm7751235/?ref_=ls_li_2_3,Nicolas Cantu,,
https://www.imdb.com/title/tt5535276/?ref_=ls_i_28,https://www.imdb.com/title/tt5535276/?ref_=ls_t_28,28. Maestro,2023,2h 9m,R,77,Metascore,6.5,(69K),This love story chronicles the lifelong relationship of conductor-composer Leonard Bernstein and actress Felicia Montealegre Cohn Bernstein.,Director,https://www.imdb.com/name/nm0177896/?ref_=ls_li_1_1,Bradley Cooper,Stars,https://www.imdb.com/name/nm1659547/?ref_=ls_li_2_1,Carey Mulligan,https://www.imdb.com/name/nm0177896/?ref_=ls_li_2_2,Bradley Cooper,https://www.imdb.com/name/nm0093589/?ref_=ls_li_2_3,Matt Bomer,The second half is what really sold me that I did in fact really like this movie. Carey Mulligan should not only get nominated but for my money this is her award to lose. I really hope she wins because holy crap does she go above and beyond a role like this.,,,,
https://www.imdb.com/title/tt23736044/?ref_=ls_i_29,https://www.imdb.com/title/tt23736044/?ref_=ls_t_29,29. Monster,2023,2h 7m,PG-13,79,Metascore,7.8,(41K),A mother demands answers from her son's teacher when her son begins acting strangely.,Director,https://www.imdb.com/name/nm0466153/?ref_=ls_li_1_1,Hirokazu Koreeda,Stars,https://www.imdb.com/name/nm2747232/?ref_=ls_li_2_1,Sakura Andô,https://www.imdb.com/name/nm1216345/?ref_=ls_li_2_2,Eita Nagayama,https://www.imdb.com/name/nm13318127/?ref_=ls_li_2_3,Soya Kurokawa,,,,,
https://www.imdb.com/title/tt1448754/?ref_=ls_i_30,https://www.imdb.com/title/tt1448754/?ref_=ls_t_30,30. Thanksgiving,2023,1h 46m,R,63,Metascore,6.2,(80K),"After a Black Friday riot ends in tragedy, a mysterious Thanksgiving-inspired killer terrorizes Plymouth, Massachusetts, the birthplace of the infamous holiday.",Director,https://www.imdb.com/name/nm0744834/?ref_=ls_li_1_1,Eli Roth,Stars,https://www.imdb.com/name/nm0001131/?ref_=ls_li_2_1,Patrick Dempsey,https://www.imdb.com/name/nm0648153/?ref_=ls_li_2_2,Ty Olsson,https://www.imdb.com/name/nm0000153/?ref_=ls_li_2_3,Gina Gershon,I don’t mind actually having this in my top 25 because I find this a damn good horror film that mixes itself with humor and the beginning with all of its chaos and full blown mayhem was something I was eating up. Plus Addison Rae.,,,,
https://www.imdb.com/title/tt19500164/?ref_=ls_i_31,https://www.imdb.com/title/tt19500164/?ref_=ls_t_31,31. Nimona,2023,1h 41m,PG,75,Metascore,7.5,(62K),"When a knight in a futuristic medieval world is framed for a crime he didn't commit, the only one who can help him prove his innocence is Nimona -- a mischievous teen who happens to be a shapeshifting creature he's sworn to destroy.",Directors,https://www.imdb.com/name/nm2939767/?ref_=ls_li_1_1,Nick Bruno,Stars,https://www.imdb.com/name/nm0702863/?ref_=ls_li_1_2,Troy Quane,https://www.imdb.com/name/nm1631269/?ref_=ls_li_2_1,Chloë Grace Moretz,https://www.imdb.com/name/nm1981893/?ref_=ls_li_2_2,Riz Ahmed,"A very fun and funny adventure film that we rarely get anymore. Sadly it has setbacks but hopefully when the sequel comes, and it should definitely have a sequel, then that is when this story can go full throttle. I hope to see that come to fruition. Because now that they got this very cliche prove my innocence type of storyline can open the story to more inventive and interesting adventures to see our two heroes on. Count me in.

8/10",https://www.imdb.com/name/nm3631295/?ref_=ls_li_2_3,Eugene Lee Yang,,
https://www.imdb.com/title/tt17351924/?ref_=ls_i_32,https://www.imdb.com/title/tt17351924/?ref_=ls_t_32,32. Saltburn,2023,2h 11m,R,61,Metascore,7.0,(265K),"A student at Oxford University finds himself drawn into the world of a charming and aristocratic classmate, who invites him to his eccentric family's sprawling estate for a summer never to be forgotten.",Director,https://www.imdb.com/name/nm2193504/?ref_=ls_li_1_1,Emerald Fennell,Stars,https://www.imdb.com/name/nm4422686/?ref_=ls_li_2_1,Barry Keoghan,https://www.imdb.com/name/nm8624059/?ref_=ls_li_2_2,Jacob Elordi,https://www.imdb.com/name/nm0683253/?ref_=ls_li_2_3,Rosamund Pike,With everyone hyping this up I feel like I need to move this down some pots because dead ass it is not that good. Unoriginal just like The Creator. But still a fun and wild ride. It is just like The Creator in that we have seen this before and better but yeah it has joker drinking Nate Jacob’s bath water and him banging his grave. So what we have all done that.,,,,
https://www.imdb.com/title/tt16304446/?ref_=ls_i_33,https://www.imdb.com/title/tt16304446/?ref_=ls_t_33,33. Fair Play,2023,1h 53m,R,73,Metascore,6.4,(47K),"An unexpected promotion at a cutthroat hedge fund pushes a young couple's relationship to the brink, threatening to unravel far more than their recent engagement.",Director,https://www.imdb.com/name/nm2132542/?ref_=ls_li_1_1,Chloe Domont,Stars,https://www.imdb.com/name/nm3697443/?ref_=ls_li_2_1,Phoebe Dynevor,https://www.imdb.com/name/nm2403277/?ref_=ls_li_2_2,Alden Ehrenreich,https://www.imdb.com/name/nm0550371/?ref_=ls_li_2_3,Eddie Marsan,Han Solo gave up way too easy at the end. Stand your ground like Florida. Never let them see you sweat.,,,,
https://www.imdb.com/title/tt10366206/?ref_=ls_i_34,https://www.imdb.com/title/tt10366206/?ref_=ls_t_34,34. John Wick: Chapter 4,2023,2h 49m,R,78,Metascore,7.6,(410K),"John Wick uncovers a path to defeating The High Table. But before he can earn his freedom, Wick must face off against a new enemy with powerful alliances across the globe and forces that turn old friends into foes.",Director,https://www.imdb.com/name/nm0821432/?ref_=ls_li_1_1,Chad Stahelski,Stars,https://www.imdb.com/name/nm0000206/?ref_=ls_li_2_1,Keanu Reeves,https://www.imdb.com/name/nm0000401/?ref_=ls_li_2_2,Laurence Fishburne,https://www.imdb.com/name/nm1745190/?ref_=ls_li_2_3,George Georgiou,"This shit straight fire. Kinda wish this and the third one kinda just combined together to make this fully end. Because even with this one ending it all it felt nothing and overblown. The big video game arcade sequence was the highlight because of the one take the stunts all of it just fit so perfectly that I can watch that shit over and over again. But the rest of the movie is just a meh. I even think this might be the weakest one of the franchise but I wish the other three had this big of a scope because this one while being the most grand all that glitter does not make this one gold.

8/10",,,,
https://www.imdb.com/title/tt22890246/?ref_=ls_i_35,https://www.imdb.com/title/tt22890246/?ref_=ls_t_35,35. How to Have Sex,2023,1h 31m,Not Rated,79,Metascore,6.4,(23K),"Three British teenage girls go on a rites-of-passage holiday - drinking, clubbing and hooking up, in what should be the best summer of their lives.",Director,https://www.imdb.com/name/nm4866189/?ref_=ls_li_1_1,Molly Manning Walker,Stars,https://www.imdb.com/name/nm7654226/?ref_=ls_li_2_1,Anna Antoniades,https://www.imdb.com/name/nm2898911/?ref_=ls_li_2_2,Mia McKenna-Bruce,https://www.imdb.com/name/nm5739341/?ref_=ls_li_2_3,Lara Peake,,,,,
https://www.imdb.com/title/tt16428256/?ref_=ls_i_36,https://www.imdb.com/title/tt16428256/?ref_=ls_t_36,36. Suzume,2022,2h 2m,PG,77,Metascore,7.6,(63K),A modern action adventure road story where a 17-year-old girl named Suzume helps a mysterious young man close doors from the other side that are releasing disasters all over in Japan.,Director,https://www.imdb.com/name/nm1396121/?ref_=ls_li_1_1,Makoto Shinkai,Stars,https://www.imdb.com/name/nm6152236/?ref_=ls_li_2_1,Nanoka Hara,https://www.imdb.com/name/nm4941993/?ref_=ls_li_2_2,Hokuto Matsumura,https://www.imdb.com/name/nm0297938/?ref_=ls_li_2_3,Eri Fukatsu,"I love, no adore Your Name. And I couldn’t wait to see what this director has in store next. It’s not disappointing however some themes and subtext are just full blown fantastic. It is a gut wrenching retaking of someone’s own life and it is a beautiful message to all who have felt lost and grief. Sadly for me even with all this praise for the film to tackle these messages should be commended, it falls short and left me cold. I know, how the hell does a movie like this with so much emotion and care to it’s characters that by the end I only felt for the name character Suzume. Suzume is a great main character to get behind and her story of lost not just of grief but being lost in a world that rejected you. We follow Suzume as she tackles the trials and responsibilities that she put on herself because she is wanting a reason to continue on. Which is something that can be totally relatable especially in today’s audience. My biggest problem however is sadly the movie around her. Her aunt is the only character to me that reached some level of an intriguing understanding of how that person is dealing with life. Because let’s be real this movie while very flashy and filled with excellent action scenes, this is ultimately a movie about not blaming yourself and not to put blame on others. Which are mirrored between the two of them. Suzume story would not be as good as it is, without that proponent being present here. It is literally everything else that doesn’t even hold a candle to what is being presented with its themes and character study that is being told through those two characters. Your Name manage to do this body swapping comedy that made me laugh my ass off while also making me weep like a baby. I felt numerous of emotions during that movie. While this one I only felt empathy towards Suzume and her struggles. Which would be fine but it adds along a comedy with another character being trapped into an innominate object while has a reason and it is not there for sake of making the audience laugh is something I do appreciate even though I would have rather be done with that subplot. It is a fun road trip movie because most of the movie plays with that budding aspect between the two of them and I think it is beautiful to see a movie where our main character falls in love with someone without the form of a physical body. To me that is an aspect that is different here but it is pulled back again because it didn’t reach those emotions for me as it would for others. Like it is fine. I hate to keep bringing up Your Name but that damn movie is a hit punch and it is in my top 5 best animated movies of all time and one of my favorite movies of all time. This movie is still a fantastic fantasy action film that I can’t wait to sit back and rewatch this again. I might like it even more knowing everything and fully resonating with me to fully grasp the themes and inspiration that are being presented in front of me. A lot is here and some might latch themselves to one specific aspect even tho the rest is till left to be desired.

8/10",,,,
https://www.imdb.com/title/tt10855768/?ref_=ls_i_37,https://www.imdb.com/title/tt10855768/?ref_=ls_t_37,37. Missing,2023,1h 51m,PG-13,66,Metascore,7.1,(72K),"When her mother disappears while on vacation in Colombia with her new boyfriend, June's search for answers is hindered by international red tape. However, as she digs deeper, her digital sleuthing soon raises more questions than answers.",Directors,https://www.imdb.com/name/nm4946908/?ref_=ls_li_1_1,Nicholas D. Johnson,Stars,https://www.imdb.com/name/nm4148345/?ref_=ls_li_1_2,Will Merrick,https://www.imdb.com/name/nm0341377/?ref_=ls_li_2_1,Tim Griffin,https://www.imdb.com/name/nm13877751/?ref_=ls_li_2_2,Ava Zaria Lee,"I want this universe to keep going. Holy crap was this better than I thought. I love Searching way back in 2018, it was possibly my third favorite movie of that year. And while this may not be as good as that film this is still a landmark in its own genre. Because I can’t think of any other webcam movies are better than this. Even the term found footage genre has been getting better with the past two years and I would add this up there to be one of the best. From the story and acting wise but along with the film look crystal clear in some nice shots that look like it wasn’t shot on a potato. Storm Reid is proving that she is a lead so I really hope she gets more shots to prove that she can take control of the screen whenever she is on. The story along with her character are provided with enough attention and care for us to follow along to make sure the audience doesn’t dose off and damn man I was having a flipping blast with this one.

8/10",https://www.imdb.com/name/nm0000505/?ref_=ls_li_2_3,Nia Long,,
https://www.imdb.com/title/tt12747748/?ref_=ls_i_38,https://www.imdb.com/title/tt12747748/?ref_=ls_t_38,38. Leave the World Behind,2023,2h 18m,R,68,Metascore,6.4,(242K),"A family's getaway to a luxurious rental home takes an ominous turn when a cyberattack knocks out their devices, and two strangers appear at their door.",Director,https://www.imdb.com/name/nm1322753/?ref_=ls_li_1_1,Sam Esmail,Stars,https://www.imdb.com/name/nm0000210/?ref_=ls_li_2_1,Julia Roberts,https://www.imdb.com/name/nm0991810/?ref_=ls_li_2_2,Mahershala Ali,https://www.imdb.com/name/nm0000160/?ref_=ls_li_2_3,Ethan Hawke,"I don’t think it is a streaming movie or to put that banner on this movie like so many would. It is a very taunt and tense film that I couldn’t stop watching. It was a very nice and entertaining movie that did keep me on the edge of my seat. Like how can a movie intended for streaming keep me so tense in multiple scenes that I forget I was watching this on my iPad. However, Sam Esmail or however you spell his name needs to calm down on all the camera tricks.",,,,
https://www.imdb.com/title/tt11858890/?ref_=ls_i_39,https://www.imdb.com/title/tt11858890/?ref_=ls_t_39,39. The Creator,2023,2h 13m,PG-13,63,Metascore,6.7,(197K),"Against the backdrop of a war between humans and robots with artificial intelligence, a former soldier finds the robots' secret weapon to end the conflict, an AI in the form of a child.",Director,https://www.imdb.com/name/nm2284484/?ref_=ls_li_1_1,Gareth Edwards,Stars,https://www.imdb.com/name/nm0913475/?ref_=ls_li_2_1,John David Washington,https://www.imdb.com/name/nm12719194/?ref_=ls_li_2_2,Madeleine Yuna Voyles,https://www.imdb.com/name/nm2110418/?ref_=ls_li_2_3,Gemma Chan,"I know the complaint that this story has been done before is a tiresome one because a lot of movies that claim to be original are not all that original. Look at Free Guy another “original” movie but even tho it pulls a lot from others it still succeeds from a creative standpoint. I’m glad I was able to witness such a bold and explosive thrill ride that honestly never let up. Maybe if the film had one more big action scene then maybe it would be a full on 10/10 but where it stands as being The Last of Us meets Terminator knock off stands as just that. But with a more boring lead.

8/10",,,,
https://www.imdb.com/title/tt4495098/?ref_=ls_i_40,https://www.imdb.com/title/tt4495098/?ref_=ls_t_40,40. Gran Turismo,2023,2h 14m,PG-13,48,Metascore,7.1,(135K),"Based on the unbelievable, inspiring true story of a team of underdogs - a struggling, working-class gamer, a failed former race car driver, and an idealistic motorsport exec - who risk it all to take on the most elite sport in the world.",Director,https://www.imdb.com/name/nm0088955/?ref_=ls_li_1_1,Neill Blomkamp,Stars,https://www.imdb.com/name/nm1092086/?ref_=ls_li_2_1,David Harbour,https://www.imdb.com/name/nm0089217/?ref_=ls_li_2_2,Orlando Bloom,https://www.imdb.com/name/nm5994098/?ref_=ls_li_2_3,Archie Madekwe,Holy shit I really liked it.,,,,
https://www.imdb.com/title/tt12758060/?ref_=ls_i_41,https://www.imdb.com/title/tt12758060/?ref_=ls_t_41,41. Tetris,2023,1h 58m,R,61,Metascore,7.4,(107K),"Video game designer Henk Rogers seeks to secure global rights for Tetris (1984), leading to tense negotiations in the Soviet Union, involving creators, government, and corporate intrigues.",Director,https://www.imdb.com/name/nm1580671/?ref_=ls_li_1_1,Jon S. Baird,Stars,https://www.imdb.com/name/nm5473782/?ref_=ls_li_2_1,Taron Egerton,https://www.imdb.com/name/nm10593697/?ref_=ls_li_2_2,Mara Huf,https://www.imdb.com/name/nm4548743/?ref_=ls_li_2_3,Miles Barrow,"Might be the best biopic we get this year. And there has been a ton of them. But I forgot Air is pretty much the better movie. This is still a pretty cool and entertaining film that will surely work for a lot of people on the entertainment factor. It is not overly produced which the lack of flashy cinematography and overly edited scenes work as this is a subdue business film that is more interesting in telling that story. Until the ending of the movie but till then it’s pretty fun and packs a meaty punch to route for this guy.

8/10",,,,
https://www.imdb.com/title/tt17009710/?ref_=ls_i_42,https://www.imdb.com/title/tt17009710/?ref_=ls_t_42,42. Anatomy of a Fall,2023,2h 31m,R,86,Metascore,7.6,(210K),A woman is suspected of murder after her husband's death; their half-blind son faces a moral dilemma as the main witness.,Director,https://www.imdb.com/name/nm2630323/?ref_=ls_li_1_1,Justine Triet,Stars,https://www.imdb.com/name/nm1197689/?ref_=ls_li_2_1,Sandra Hüller,https://www.imdb.com/name/nm0035128/?ref_=ls_li_2_2,Swann Arlaud,https://www.imdb.com/name/nm12299991/?ref_=ls_li_2_3,Milo Machado-Graner,"It would have been nice to know the actual truth. Because the truth is I hate movies like this. Look man if I’m going to spend a full on two plus hours with your movie asking the same question from the beginning and you don’t give me an answer then you can go screw yourself. Because don’t ask stupid questions if you don’t want stupid answers. Your movie is just not that interesting to dig around and find little clues to pinpoint a possible answer because at the end of the day the world will never know. Maybe like the OJ trial. I just simply not falling head over heels for this film. I do like a good amount of the movie and their is a recording that had me glued to screen and hang on to every word. But I come to realization that these are just not my thing. Greatly acted, directed (in some aspects), but the writing is top notch. Little complaints like some of the camera work and perspective change is a little unnecessary. Also I called the ending.",,,,
https://www.imdb.com/title/tt10365998/?ref_=ls_i_43,https://www.imdb.com/title/tt10365998/?ref_=ls_t_43,43. Infinity Pool,2023,1h 57m,R,72,Metascore,6.0,(74K),"James and Em Foster are enjoying an all-inclusive beach vacation in the fictional island of La Tolqa, when a fatal accident exposes the resort's perverse subculture of hedonistic tourism, reckless violence and surreal horrors.",Director,https://www.imdb.com/name/nm0188722/?ref_=ls_li_1_1,Brandon Cronenberg,Stars,https://www.imdb.com/name/nm0002907/?ref_=ls_li_2_1,Alexander Skarsgård,https://www.imdb.com/name/nm5301405/?ref_=ls_li_2_2,Mia Goth,https://www.imdb.com/name/nm1671147/?ref_=ls_li_2_3,Cleopatra Coleman,"It’s pretty cool. I just have seen all of this before. Last year a movie came out and asked the same questions about this subject matter and offers the same answer. Or lack of an answer was given for both movies. But the nihilism and the bleakness that is presented here is solely the reason why it stands out from the rest. It is a go for broke out there experience that holds a great central performance with Tarzan and then of course Pearl. She is so damn good here that it is dangerous to even put this woman on the screen so shortly after the incredible year she had. In short I don’t love this movie but it does offer some things that need to be said and for that I enjoy it.

7.5/10",,,,
https://www.imdb.com/title/tt26612950/?ref_=ls_i_44,https://www.imdb.com/title/tt26612950/?ref_=ls_t_44,44. The Teachers' Lounge,2023,1h 38m,PG-13,82,Metascore,7.4,(30K),"When one of her students is suspected of theft, teacher Carla Nowak decides to get to the bottom of the matter. Caught between her ideals and the school system, the consequences of her actions threaten to break her.",Director,https://www.imdb.com/name/nm1921714/?ref_=ls_li_1_1,Ilker Çatak,Stars,https://www.imdb.com/name/nm2914059/?ref_=ls_li_2_1,Leonie Benesch,https://www.imdb.com/name/nm1178556/?ref_=ls_li_2_2,Anne-Kathrin Gummich,https://www.imdb.com/name/nm2926936/?ref_=ls_li_2_3,Rafael Stachowiak,,,,,
https://www.imdb.com/title/tt0439572/?ref_=ls_i_45,https://www.imdb.com/title/tt0439572/?ref_=ls_t_45,45. The Flash,2023,2h 24m,PG-13,55,Metascore,6.6,(247K),"Barry Allen uses his super speed to change the past, but his attempt to save his family creates a world without super heroes, forcing him to race for his life in order to save the future.",Director,https://www.imdb.com/name/nm0615592/?ref_=ls_li_1_1,Andy Muschietti,Stars,https://www.imdb.com/name/nm3009232/?ref_=ls_li_2_1,Ezra Miller,https://www.imdb.com/name/nm0000474/?ref_=ls_li_2_2,Michael Keaton,https://www.imdb.com/name/nm8567338/?ref_=ls_li_2_3,Sasha Calle,"(+) Ezra two performances are actually very well and both have arcs that feel real and earned. Yep where most superhero movies fail in bringing up their lead character to make their presence that much more compelling works here and they do it with two people. And I would argue that even Michael Keaton’s Batman even has a nice little arc.

(+) Humor. It’s the funniest superhero movie since the first Shazam.

(+) The mom storyline. Look man a movie’s job is to get you emotionally involved and make a great payoff at the end to wrap everything up. And guess what that is something this film success does with blazing spirit that can’t be faxed.

(-) Not enough Supergirl.

(+) Sasha Calle. That’s my Supergirl.

(-) The cameos were a little over the top because they didn’t do anything with them so it just felt needless here like why even include them mainly because most of those cameos have nothing to do with the Flash.

Overall I had a great time so yeah wish we had more of Sasha Calle’s Supergirl and even less obvious third act villain that was supposed to be a twist but like cmon we all knew who it was. But it didn’t lose me like most other multiverse movies have done.

8/10",,,,
https://www.imdb.com/title/tt9362930/?ref_=ls_i_46,https://www.imdb.com/title/tt9362930/?ref_=ls_t_46,46. Blue Beetle,2023,2h 7m,PG-13,61,Metascore,5.9,(116K),"An alien scarab chooses Jaime Reyes to be its symbiotic host, bestowing the recent college graduate with a suit of armor that's capable of extraordinary powers, forever changing his destiny as he becomes the superhero known as Blue Beetle.",Director,https://www.imdb.com/name/nm3924049/?ref_=ls_li_1_1,Angel Manuel Soto,Stars,https://www.imdb.com/name/nm4927704/?ref_=ls_li_2_1,Xolo Maridueña,https://www.imdb.com/name/nm1367490/?ref_=ls_li_2_2,Bruna Marquezine,https://www.imdb.com/name/nm3121384/?ref_=ls_li_2_3,Becky G,Yep just another superhero movie but this time the lead is Mexican so an automatic 8/10. I don’t make the rules.,,,,
https://www.imdb.com/title/tt9873892/?ref_=ls_i_47,https://www.imdb.com/title/tt9873892/?ref_=ls_t_47,47. They Cloned Tyrone,2023,2h 2m,R,74,Metascore,6.7,(48K),A series of eerie events thrusts an unlikely trio onto the trail of a nefarious government conspiracy in this pulpy mystery caper.,Director,https://www.imdb.com/name/nm3541432/?ref_=ls_li_1_1,Juel Taylor,Stars,https://www.imdb.com/name/nm3915784/?ref_=ls_li_2_1,John Boyega,https://www.imdb.com/name/nm0004937/?ref_=ls_li_2_2,Jamie Foxx,https://www.imdb.com/name/nm3500582/?ref_=ls_li_2_3,Teyonah Parris,"On the other side of Asteroid City their is They Cloned Tyrone and does enough right to place above City because it has less of the characters less of the story and makes more of an impact because of it.

7.5/10",,,,
https://www.imdb.com/title/tt14230388/?ref_=ls_i_48,https://www.imdb.com/title/tt14230388/?ref_=ls_t_48,48. Asteroid City,2023,1h 45m,PG-13,76,Metascore,6.4,(145K),World-changing events spectacularly disrupt the annual Asteroid Day celebration in an American desert town.,Director,https://www.imdb.com/name/nm0027572/?ref_=ls_li_1_1,Wes Anderson,Stars,https://www.imdb.com/name/nm0005403/?ref_=ls_li_2_1,Jason Schwartzman,https://www.imdb.com/name/nm0424060/?ref_=ls_li_2_2,Scarlett Johansson,https://www.imdb.com/name/nm0000158/?ref_=ls_li_2_3,Tom Hanks,"On performances alone I think this does a fine job at developing at least above a 6. Which I know some might be like that is not enough to make a good movie and you are right but G man and Black Widow have a ton of moments together that is enough for me to not find this movie boring. If you can get to the third act I think the movie is kinda worth it. The beginning is pretty boring but Wes Anderson is going to be Wes Anderson. I truly gradually like the movie as it went along. Plus with a cast like this in a Wes movie is somewhat a praise but also a downfall because with so many great actors some of them don’t shine while others actually deliver some of the best work they have done.

8/10",,,,
https://www.imdb.com/title/tt13309170/?ref_=ls_i_49,https://www.imdb.com/title/tt13309170/?ref_=ls_t_49,49. Influencer,2022,1h 32m,,66,Metascore,6.2,(22K),"While struggling on a solo backpacking trip in Thailand, social media influencer Madison meets CW, who travels with ease and shows her a more uninhibited way of living, but CW's interest in her takes a darker turn.",Director,https://www.imdb.com/name/nm4811901/?ref_=ls_li_1_1,Kurtis David Harder,Stars,https://www.imdb.com/name/nm0855045/?ref_=ls_li_2_1,Emily Tennant,https://www.imdb.com/name/nm4920741/?ref_=ls_li_2_2,Rory J Saper,https://www.imdb.com/name/nm7888995/?ref_=ls_li_2_3,Cassandra Naud,"This was honestly way better than I thought it would be. It sneaks up and gradually levitates above some of the other horror releases this year. I feared that this might end up being another typical low budget horror film with nothing to praise about. However, there is actually a lot to praise about. The performances are all strong but it is our “lead” here who steals the show. Listen no spoilers so go in blind to have yourself pleasantly l surprised. I sure was. And I had a blast.

8/10",,,,
https://www.imdb.com/title/tt11145118/?ref_=ls_i_50,https://www.imdb.com/title/tt11145118/?ref_=ls_t_50,50. Creed III,2023,1h 56m,PG-13,73,Metascore,6.7,(107K),"Adonis has been thriving in both his career and family life, but when a childhood friend and former boxing prodigy resurfaces, the face-off is more than just a fight.",Director,https://www.imdb.com/name/nm0430107/?ref_=ls_li_1_1,Michael B. Jordan,Stars,https://www.imdb.com/name/nm0430107/?ref_=ls_li_2_1,Michael B. Jordan,https://www.imdb.com/name/nm1935086/?ref_=ls_li_2_2,Tessa Thompson,https://www.imdb.com/name/nm3718007/?ref_=ls_li_2_3,Jonathan Majors,"This is honestly better than Creed 2 but yeah Rocky’s presence is missing here. At home big chilling on the couch was fun but little things here and there could have made this better. Rocky sure but aside of that I would have like more boxing scenes and bring out more of this Shakespearean betray that is being presented here that I was pumped to see. Whithin the first act the actual set up between these two is well made and well done that Michael B. Jordan did the impossible. The second act dropped the ball that it dived into unbelievability to the point that it was hard to get it to route for anyone in the third act. However the reason why it is here is because of the last fight. It did stick the landing and even tho the second half dropped the ball doesn’t mean that third act with the music and montage didn’t get my fist pumping into the air and got me back into this story. So strong first act, shaking second act, and then boom a slam dunk third act.

8/10",,,,
https://www.imdb.com/title/tt15679400/?ref_=ls_i_51,https://www.imdb.com/title/tt15679400/?ref_=ls_t_51,51. Knock at the Cabin,2023,1h 40m,R,63,Metascore,6.1,(141K),"While vacationing, a girl and her parents are taken hostage by armed strangers who demand that the family make a choice to avert the apocalypse.",Director,https://www.imdb.com/name/nm0796117/?ref_=ls_li_1_1,M. Night Shyamalan,Stars,https://www.imdb.com/name/nm1176985/?ref_=ls_li_2_1,Dave Bautista,https://www.imdb.com/name/nm2676147/?ref_=ls_li_2_2,Jonathan Groff,https://www.imdb.com/name/nm3198781/?ref_=ls_li_2_3,Ben Aldridge,"All this bull crap about M. Night makes bad movies so this in case is a bad movie. People say the ending should have been more ambiguous or whatever. To quote the greatest worst president of all time: Wrong! I love these types of thrillers that lay it all out. It makes no secret to what it is and I couldn’t be happier to see it play out. Which this is. A spot on great time filled with great camera techniques and brilliant performances. Ben Aldrich tho should be our new Superman.

8/10",,,,
https://www.imdb.com/title/tt15789472/?ref_=ls_i_52,https://www.imdb.com/title/tt15789472/?ref_=ls_t_52,52. Nowhere,2023,1h 49m,TV-MA,,,6.3,(49K),"A young pregnant woman named Mia escapes from a country at war by hiding in a maritime container aboard a cargo ship. After a violent storm, Mia gives birth to her child while lost at sea, where she must fight to survive.",Director,https://www.imdb.com/name/nm3691012/?ref_=ls_li_1_1,Albert Pintó,Stars,https://www.imdb.com/name/nm1298582/?ref_=ls_li_2_1,Anna Castillo,https://www.imdb.com/name/nm0636991/?ref_=ls_li_2_2,Tamar Novas,https://www.imdb.com/name/nm2386577/?ref_=ls_li_2_3,Tony Corvillo,Full of suspense and terrifying situation after terrifying situation. A true nail biter to the very end. Like a more heightened version of Buried but now I can take notes in how to survive. Even Buried didn’t even have a glimmer of hope. I knew from the beginning Deadpool already had one and a half foot in the grave. But home girl here didn’t give up and full on took the responsibility of a mother. No deeper meaning just human nature refusing to give up. It is tough has hell to sit through but damn is it worth it.,,,,
https://www.imdb.com/title/tt15268244/?ref_=ls_i_53,https://www.imdb.com/title/tt15268244/?ref_=ls_t_53,53. Joy Ride,2023,1h 35m,R,74,Metascore,6.4,(31K),"Follows four Asian American friends as they bond and discover the truth of what it means to know and love who you are, while they travel through China in search of one of their birth mothers.",Director,https://www.imdb.com/name/nm1004604/?ref_=ls_li_1_1,Adele Lim,Stars,https://www.imdb.com/name/nm3594940/?ref_=ls_li_2_1,Ashley Park,https://www.imdb.com/name/nm8781499/?ref_=ls_li_2_2,Sherry Cola,https://www.imdb.com/name/nm3513533/?ref_=ls_li_2_3,Stephanie Hsu,"If the performances were a little stronger when it really mattered then this would have been an all time classic but sadly when we need those moments to shine it is faltered by also the rush writing. It is a very funny and fresh experience that did get me in the feels. But rush feels like a perfect way to sum it up. And I’m so fucking sick of the breakup trope like cmon we are in 2023 are we really still doing that shit. But these four comedic performances are very much a fresh of breathe air. Again this script needed to be tighter and less rush. But whatever it still delivers.

8/10",,,,
https://www.imdb.com/title/tt2906216/?ref_=ls_i_54,https://www.imdb.com/title/tt2906216/?ref_=ls_t_54,54. Dungeons & Dragons: Honor Among Thieves,2023,2h 14m,PG-13,72,Metascore,7.2,(273K),"A charming thief and a band of unlikely adventurers embark on an epic quest to retrieve a lost relic, but things go dangerously awry when they run afoul of the wrong people.",Directors,https://www.imdb.com/name/nm0197855/?ref_=ls_li_1_1,John Francis Daley,Stars,https://www.imdb.com/name/nm0326246/?ref_=ls_li_1_2,Jonathan Goldstein,https://www.imdb.com/name/nm1517976/?ref_=ls_li_2_1,Chris Pine,https://www.imdb.com/name/nm0735442/?ref_=ls_li_2_2,Michelle Rodriguez,"The best 7/10 movie I had seen in a long time. And I am glad to have this in my favorite movies of the year. If only it didn’t resort to not trusting its audience to just plunge us into this story without having this whole dead beat dad tries to rekindle his relationship with his child. It something that we have seen tiresome done over and over again it just sucks. It is a trope that I can confidently say that we are never going to get over with. Just think of something else besides that like holy crap it is not that hard for us to get invested in. But even with all that I still had a great time. I can’t wait to own this shit on blu ray and that is something I have said about a 7/10 in a long time.

7/10",https://www.imdb.com/name/nm2074546/?ref_=ls_li_2_3,Regé-Jean Page,,
https://www.imdb.com/title/tt14642626/?ref_=ls_i_55,https://www.imdb.com/title/tt14642626/?ref_=ls_t_55,55. Sick,2022,1h 23m,R,62,Metascore,6.0,(24K),"Due to the pandemic, Parker and her best friend decide to quarantine at the family lake house alone - or so they think.",Director,https://www.imdb.com/name/nm0404882/?ref_=ls_li_1_1,John Hyams,Stars,https://www.imdb.com/name/nm4594069/?ref_=ls_li_2_1,Gideon Adlon,https://www.imdb.com/name/nm12239665/?ref_=ls_li_2_2,Bethlehem Million,https://www.imdb.com/name/nm2876098/?ref_=ls_li_2_3,Dylan Sprayberry,"Horror films are still good. I know some may scoff at this movie but damn man this shit is just so damn fun. Slasher is my favorite type of sub genre in my horror films and here is the best you can get from. The characters aren’t groundbreaking but enough is there for me to not want to see them die. Which is something you want in your slasher film. Along with the kills being actual good and clever. I had a blast and can’t wait to see more horror films to be released this year.

7/10",,,,
https://www.imdb.com/title/tt9185206/?ref_=ls_i_56,https://www.imdb.com/title/tt9185206/?ref_=ls_t_56,"56. Are You There God? It's Me, Margaret.",2023,1h 46m,PG-13,84,Metascore,7.3,(38K),"Eleven-year-old Margaret moves from the city to the suburbs and starts to contemplate everything about life, friendship and adolescence. She relies on her mother, Barbara, who offers loving support, and her grandmother, Sylvia.",Director,https://www.imdb.com/name/nm2609807/?ref_=ls_li_1_1,Kelly Fremon Craig,Stars,https://www.imdb.com/name/nm5338858/?ref_=ls_li_2_1,Abby Ryder Fortson,https://www.imdb.com/name/nm1046097/?ref_=ls_li_2_2,Rachel McAdams,https://www.imdb.com/name/nm0000870/?ref_=ls_li_2_3,Kathy Bates,,,,,
https://www.imdb.com/title/tt14954534/?ref_=ls_i_57,https://www.imdb.com/title/tt14954534/?ref_=ls_t_57,57. Cassandro,2023,1h 47m,R,76,Metascore,6.5,(4.6K),"Follows the true story of Cassandro, the ''exotico'' character created by Saúl Armendáriz, gay amateur wrestler from El Paso who rose to international stardom.",Director,https://www.imdb.com/name/nm2141317/?ref_=ls_li_1_1,Roger Ross Williams,Stars,https://www.imdb.com/name/nm0305558/?ref_=ls_li_2_1,Gael García Bernal,https://www.imdb.com/name/nm4295500/?ref_=ls_li_2_2,Roberta Colindrez,https://www.imdb.com/name/nm0478971/?ref_=ls_li_2_3,Perla De La Rosa,,,,,
https://www.imdb.com/title/tt14781036/?ref_=ls_i_58,https://www.imdb.com/title/tt14781036/?ref_=ls_t_58,58. Inside,2023,1h 45m,R,53,Metascore,5.5,(24K),"Nemo, a high-end art thief, is trapped in a New York penthouse after his heist doesn't go as planned. Locked inside with nothing but priceless works of art, he must use all his cunning and ingenuity to survive.",Director,https://www.imdb.com/name/nm8019520/?ref_=ls_li_1_1,Vasilis Katsoupis,Stars,https://www.imdb.com/name/nm0000353/?ref_=ls_li_2_1,Willem Dafoe,https://www.imdb.com/name/nm0078517/?ref_=ls_li_2_2,Gene Bervoets,https://www.imdb.com/name/nm5382557/?ref_=ls_li_2_3,Eliza Stuyck,,,,,
https://www.imdb.com/title/tt13405778/?ref_=ls_i_59,https://www.imdb.com/title/tt13405778/?ref_=ls_t_59,59. Insidious: The Red Door,2023,1h 47m,PG-13,45,Metascore,5.5,(63K),The Lamberts must go deeper into The Further than ever before to put their demons to rest once and for all.,Director,https://www.imdb.com/name/nm0933940/?ref_=ls_li_1_1,Patrick Wilson,Stars,https://www.imdb.com/name/nm1339223/?ref_=ls_li_2_1,Ty Simpkins,https://www.imdb.com/name/nm0933940/?ref_=ls_li_2_2,Patrick Wilson,https://www.imdb.com/name/nm0126284/?ref_=ls_li_2_3,Rose Byrne,,,,,
https://www.imdb.com/title/tt1001520/?ref_=ls_i_60,https://www.imdb.com/title/tt1001520/?ref_=ls_t_60,60. The Last Voyage of the Demeter,2023,1h 58m,R,52,Metascore,6.1,(70K),A crew sailing from Varna (Bulgaria) by the Black Sea to England find that they are carrying very dangerous cargo.,Director,https://www.imdb.com/name/nm0004217/?ref_=ls_li_1_1,André Øvredal,Stars,https://www.imdb.com/name/nm3659660/?ref_=ls_li_2_1,Corey Hawkins,https://www.imdb.com/name/nm4957233/?ref_=ls_li_2_2,Aisling Franciosi,https://www.imdb.com/name/nm0192377/?ref_=ls_li_2_3,Liam Cunningham,,,,,
https://www.imdb.com/title/tt12343534/?ref_=ls_i_61,https://www.imdb.com/title/tt12343534/?ref_=ls_t_61,61. Jujutsu Kaisen,2020–,TV-MA,TV Series,,,8.5,(205K),After Yuji Itadori swallows a cursed talisman - the finger of a demon - he becomes cursed himself. He enters a shaman's school to be able to locate the demon's other body parts and thus exorcise himself.,Stars,https://www.imdb.com/name/nm7121595/?ref_=ls_li_1_1,Jun'ya Enoki,,https://www.imdb.com/name/nm1361499/?ref_=ls_li_1_2,Adam McArthur,https://www.imdb.com/name/nm6793636/?ref_=ls_li_1_3,Yuma Uchida,,,"Season 2: it’s back baby. Along with these first 5 episodes centering around Gojo and his own crew then damn I love the direction that this season is going into. Maybe they should have gone the Oshi No Ko route and have the first episode be movie length but I don’t care because seeing Gojo front and center is a joy to be hold. Also Mappa is just flexing at this point because holy crap the animation has been level up to movie level. It is just awesome. Upon episode 1 is getting us back into this series so I can’t wait for the next 20 weeks to be along for this ride.

This would have been number one if for two reasons. The first being that Frieren is probably the best thing ever and plus the way MAPPA has treated its employees. But Gege wasn’t just cooking up a little snack in the kitchen no he is cooking up a whole feast and we were all here for it. Including myself who usually waits to binge stuff but week after week this shit was the highlight of my week. Did it let me down in certain areas. Of course, but overall JJK is turning anime storytelling on its head. And overall storytelling in general and that takes balls and much respect is given for doing so.",,,,
https://www.imdb.com/title/tt22248376/?ref_=ls_i_62,https://www.imdb.com/title/tt22248376/?ref_=ls_t_62,62. Frieren: Beyond Journey's End,2023–,TV-14,TV Series,,,8.9,(75K),Elf mage Frieren and her fellow adventurers have defeated the Demon King and brought peace to the land. But Frieren will long outlive the rest of her former party. How will she come to understand what life means to the people around her?,Creators,https://www.imdb.com/name/nm15028176/?ref_=ls_li_1_1,Tsukasa Abe,Stars,https://www.imdb.com/name/nm15028175/?ref_=ls_li_1_2,Kanehito Yamada,https://www.imdb.com/name/nm6662487/?ref_=ls_li_2_1,Atsumi Tanezaki,https://www.imdb.com/name/nm9549868/?ref_=ls_li_2_2,Kana Ichinose,"This is better than most dramas out there and this is seriously a series that asks the big questions of aftermath of lost and victory. One I have been waiting to witness it is just so beautifully told that you know right off the bat this isn’t a series to take lightly. The best opening and the best end credits this year and to rank above some of the greatest of all time based off of pure emotion that can only come along pure enjoyment. In more ways than one. This isn’t an empty calorie opening or ending that you can just skip it is a further way to explore each emotional toll this can bring upon you. This might actually be the best anything I have seen this year.

10/10",https://www.imdb.com/name/nm7083517/?ref_=ls_li_2_3,Mallorie Rodak,,
https://www.imdb.com/title/tt26737616/?ref_=ls_i_63,https://www.imdb.com/title/tt26737616/?ref_=ls_t_63,63. Pluto,2023,TV-14,TV Mini Series,,,8.1,(20K),"When the world's seven most advanced robots and their human allies are murdered one by one, inspector Gesicht soon discovers that he's also in danger.",Creators,https://www.imdb.com/name/nm0856804/?ref_=ls_li_1_1,Osamu Tezuka,Stars,https://www.imdb.com/name/nm1780055/?ref_=ls_li_1_2,Naoki Urasawa,https://www.imdb.com/name/nm5082940/?ref_=ls_li_2_1,Shinshû Fuji,https://www.imdb.com/name/nm2932868/?ref_=ls_li_2_2,Yôko Hikasa,Anime of the year.,https://www.imdb.com/name/nm5880792/?ref_=ls_li_2_3,Rachel Slotky,,
https://www.imdb.com/title/tt21030032/?ref_=ls_i_64,https://www.imdb.com/title/tt21030032/?ref_=ls_t_64,64. Oshi No Ko,2023–,TV-14,TV Series,,,8.3,(16K),A doctor and his recently-deceased patient are reborn as twins to a famous Japanese musical idol and navigate the highs and lows of the Japanese entertainment industry as they grow up together through their lives.,Creators,https://www.imdb.com/name/nm10493028/?ref_=ls_li_1_1,Aka Akasaka,Stars,https://www.imdb.com/name/nm8809901/?ref_=ls_li_1_2,Mengo Yokoyari,https://www.imdb.com/name/nm13157532/?ref_=ls_li_2_1,Jack Stansbury,https://www.imdb.com/name/nm9779526/?ref_=ls_li_2_2,Takeo Otsuka,"Alright it might be the best new anime this year to come out. I’m not a big Isaki fan but this one did it for me. Hooked from episode one and from on it is a full blown rollercoaster of an emotion. Something like this is a treasure to watch. Not the m word yet but it is a treasure with some real pieces of gold. You just really have to go with it to fully enjoy it. And if you don’t then go ahead it’s no big deal but 7 episodes in and this frank look at the entertainment industry was something that is not wasted on me.

10/10",https://www.imdb.com/name/nm4751364/?ref_=ls_li_2_3,Megumi Han,,
https://www.imdb.com/title/tt2560140/?ref_=ls_i_65,https://www.imdb.com/title/tt2560140/?ref_=ls_t_65,65. Attack on Titan,2013–2023,TV-MA,TV Series,,,9.1,(711K),"In a world where humanity shelters behind towering walls from man-eating Titans, a determined teen joins the elite Survey Corps to fight the giants and uncover the secrets of their origin.",Creators,https://www.imdb.com/name/nm1639992/?ref_=ls_li_1_1,Yasuko Kobayashi,Stars,https://www.imdb.com/name/nm5003154/?ref_=ls_li_1_2,Hiroshi Seko,https://www.imdb.com/name/nm2171329/?ref_=ls_li_2_1,Jessie James Grelle,https://www.imdb.com/name/nm0745310/?ref_=ls_li_2_2,Bryce Papenbrook,"The final chapter: I’m still on team Eren no matter what. Screw literally everyone else even Mikasa and Armin. I hate to say it but maybe even Levi. No I’m still team Levi as long as he fulfills that promise he made. But Eren is right. I know I might be watching this show for the wrong reason but I’m fully on his side to completely disrupt this world for what it truly is. He had a plan and is willing to follow it through. I don’t know how the second part ends so I can’t wait to see how this all ends.

Part 1: 10/10

The finale just hit and well it kinda went exactly how I assumed it would turn out to be. Not that is a bad thing but before this final episode it went into a direction that was surprising to witness. A wild ride has been used to death and for me the highs have reached the highest of highs any type of medium can ever reach. So for this final to achieve any type of conclusion that will be satisfying across the board is almost close to impossible. So it is very difficult to not have a side that you as a viewer desperately want and don’t get. I usually put my feelings of what I want and instead to go inside the story that is being told. Just go with it is a term I go with a lot of entertainment and wether it is earned or not it is my approach to all entertainment. But feeling hollow and being right wasn’t what I expected. It is very complex because art can and should represent our real life because feeling emotional during scenes of beaten people enjoy little joy comes and goes. And what it really comes down to is human life and humanity was a mistake. I know dark right. But could there be any path that makes that word freedom or peace have any other weight other than just a small fraction of how life plays out. So that is what I took away from what this ending is presenting us. But I still love these characters and I felt some what satisfied but yeah it doesn’t go into the direction I was hoping it will.",https://www.imdb.com/name/nm2986974/?ref_=ls_li_2_3,Trina Nishimura,,
https://www.imdb.com/title/tt22817632/?ref_=ls_i_66,https://www.imdb.com/title/tt22817632/?ref_=ls_t_66,66. Heavenly Delusion,2023,TV-MA,TV Series,,,7.9,(11K),"A boy grows up behind the safe walls of an apocalyptic Japan full of monsters. Tokyo flourishes as a paradise, while outside the walls of hell dangers lurk. However, a small group searches for heaven.",Creator,https://www.imdb.com/name/nm9924072/?ref_=ls_li_1_1,Masakazu Ishiguro,Stars,https://www.imdb.com/name/nm10631700/?ref_=ls_li_2_1,Gen Satô,https://www.imdb.com/name/nm5693865/?ref_=ls_li_2_2,Sayaka Senbongi,https://www.imdb.com/name/nm10698863/?ref_=ls_li_2_3,Anjali Kunapaneni,"This is pretty fire. But beyond that it is so nice and change of pace rather the big loud explosive other anime’s I have been watching. A good binge but I did break it up in parts because it did service a nice steady pace for the viewer to intake all of the crazy stuff that has been happening. It is an anime that amazes me at every turn and now I’m hooked as hell. Damn guess I have to read the manga because I have to know more and what is to come.

9/10",,,,
https://www.imdb.com/title/tt13309742/?ref_=ls_i_67,https://www.imdb.com/title/tt13309742/?ref_=ls_t_67,67. Blue Eye Samurai,2023–,TV-MA,TV Series,,,8.7,(103K),"Driven by a dream of revenge against those who made her an outcast in Edo-period Japan, a young warrior cuts a bloody path toward her destiny.",Creators,https://www.imdb.com/name/nm0338169/?ref_=ls_li_1_1,Michael Green,Stars,https://www.imdb.com/name/nm11994554/?ref_=ls_li_1_2,Amber Noizumi,https://www.imdb.com/name/nm4224109/?ref_=ls_li_2_1,Maya Erskine,https://www.imdb.com/name/nm0001786/?ref_=ls_li_2_2,George Takei,,https://www.imdb.com/name/nm1199811/?ref_=ls_li_2_3,Masi Oka,,
https://www.imdb.com/title/tt26743760/?ref_=ls_i_68,https://www.imdb.com/title/tt26743760/?ref_=ls_t_68,68. The Apothecary Diaries,2023–,TV-14,TV Series,,,8.6,(24K),"A young maiden is kidnapped and sold into servitude at the emperor's palace, where she secretly employs her pharmacist skills with the help of the head eunuch to unravel medical mysteries in the inner court.",Creator,https://www.imdb.com/name/nm14568153/?ref_=ls_li_1_1,Natsu Hyûga,Stars,https://www.imdb.com/name/nm2976492/?ref_=ls_li_2_1,Aoi Yûki,https://www.imdb.com/name/nm10639946/?ref_=ls_li_2_2,Emi Lo,https://www.imdb.com/name/nm9779526/?ref_=ls_li_2_3,Takeo Otsuka,,,,,
https://www.imdb.com/title/tt25811262/?ref_=ls_i_69,https://www.imdb.com/title/tt25811262/?ref_=ls_t_69,69. Zom 100: Bucket List of the Dead,2023,TV-MA,TV Mini Series,,,7.3,(13K),"A worker in a foreign finance company is bullied and worked around the clock, before a zombie outbreak finally makes him feel alive.",Creator,https://www.imdb.com/name/nm10907962/?ref_=ls_li_1_1,Haro Aso,Stars,https://www.imdb.com/name/nm11503851/?ref_=ls_li_2_1,Shûichirô Umeda,https://www.imdb.com/name/nm0954900/?ref_=ls_li_2_2,Zeno Robinson,https://www.imdb.com/name/nm0590235/?ref_=ls_li_2_3,Bill Millsap,It may have lost some charm later on but it still was a breath of fresh air. And the zombie genre this year really came back swinging and as a big fan as the genre I’m glad to see the love it is getting.,,,,
https://www.imdb.com/title/tt28612257/?ref_=ls_i_70,https://www.imdb.com/title/tt28612257/?ref_=ls_t_70,70. My Daemon,2023,TV-MA,TV Mini Series,,,7.9,(2K),"To save his mother, a kind-hearted boy and his tiny daemon friend set out on a journey across post-apocalyptic Japan as dark forces close in.",Creator,https://www.imdb.com/name/nm2398435/?ref_=ls_li_1_1,Otsuichi,Stars,https://www.imdb.com/name/nm10098056/?ref_=ls_li_2_1,Miyuri Shimabukuro,https://www.imdb.com/name/nm2536453/?ref_=ls_li_2_2,Kokoro Kikuchi,https://www.imdb.com/name/nm2583829/?ref_=ls_li_2_3,Cristina Valenzuela,,,,,
https://www.imdb.com/title/tt14403178/?ref_=ls_i_71,https://www.imdb.com/title/tt14403178/?ref_=ls_t_71,71. Beef,2023–,TV-MA,TV Series,,,8.0,(168K),"A minor conflict spirals into a consuming feud between two individuals, exposing pride, resentment, and hidden pain.",Creator,https://www.imdb.com/name/nm2768206/?ref_=ls_li_1_1,Lee Sung Jin,Stars,https://www.imdb.com/name/nm3081796/?ref_=ls_li_2_1,Steven Yeun,https://www.imdb.com/name/nm4399227/?ref_=ls_li_2_2,Ali Wong,https://www.imdb.com/name/nm4334711/?ref_=ls_li_2_3,Joseph Lee,Yeah this is probably the best thing I have seen all year. So far. Damn when it comes to live action this and The Last of Us are two of the best this year. I love The Bear but those are my top two that seem to be unchanged.,,,,
https://www.imdb.com/title/tt13911284/?ref_=ls_i_72,https://www.imdb.com/title/tt13911284/?ref_=ls_t_72,72. Hell's Paradise,2023–,TV-MA,TV Series,,,8.1,(30K),A squad of prisoners and their guards are sent to investigate a mysterious island. They get stranded there and must rely on each other to survive the island's mysterious and monstrous residents.,Creator,https://www.imdb.com/name/nm13227477/?ref_=ls_li_1_1,Yuji Kaku,Stars,https://www.imdb.com/name/nm10115277/?ref_=ls_li_2_1,Chiaki Kobayashi,https://www.imdb.com/name/nm6929994/?ref_=ls_li_2_2,Yumiri Hanamori,https://www.imdb.com/name/nm5260806/?ref_=ls_li_2_3,Alejandro Saab,,,,,
https://www.imdb.com/title/tt27206542/?ref_=ls_i_73,https://www.imdb.com/title/tt27206542/?ref_=ls_t_73,73. Undead Murder Farce,2023,TV-14,TV Series,,,7.6,(1.5K),"In a world inhabited by vampires, golems, werewolves and other creatures, Aya Rindo, along with Tsugaru Shunichi and Shizuku Hasei, travels as supernatural detective, solving mysteries while she looks for her lost body.",Stars,https://www.imdb.com/name/nm3961240/?ref_=ls_li_1_1,Tomoyo Kurosawa,,https://www.imdb.com/name/nm7274489/?ref_=ls_li_1_2,Taku Yashiro,https://www.imdb.com/name/nm7856521/?ref_=ls_li_1_3,Makoto Koichi,,,,,,,
https://www.imdb.com/title/tt3581920/?ref_=ls_i_74,https://www.imdb.com/title/tt3581920/?ref_=ls_t_74,74. The Last of Us,2023–,TV-MA,TV Series,,,8.5,(735K),"After a global pandemic destroys civilization, a hardened survivor takes charge of a 14-year-old girl who may be humanity's last hope.",Creators,https://www.imdb.com/name/nm3773654/?ref_=ls_li_1_1,Neil Druckmann,Stars,https://www.imdb.com/name/nm0563301/?ref_=ls_li_1_2,Craig Mazin,https://www.imdb.com/name/nm8165602/?ref_=ls_li_2_1,Bella Ramsey,https://www.imdb.com/name/nm0050959/?ref_=ls_li_2_2,Pedro Pascal,"I have played the game inside and out which even though I know 95% of what this story is so why would I enjoy it? Because it does have some tricks up it’s sleeve that do keep my interest enough to want new things to be added. This is how it is done but I can’t wait to see what else is in store.

Ep1: This surpassed my expectations to become one of the best pilots ever made. But even tho I knew a lot that was here o was still shocked and surprised multiple times. Plus I just want more of this world outside of Joel and Ellie. I love them two and can’t wait to see them further. But I’m actually excited to see more in this world aside from them. So bring it. 10/10",https://www.imdb.com/name/nm1890981/?ref_=ls_li_2_3,Gabriel Luna,,
https://www.imdb.com/title/tt14269590/?ref_=ls_i_75,https://www.imdb.com/title/tt14269590/?ref_=ls_t_75,75. Poker Face,2023–2025,TV-MA,TV Series,,,7.7,(68K),Charlie has an extraordinary ability to determine when someone is lying. She hits the road with her Plymouth Barracuda and at every stop encounters a new cast of characters and strange crimes that she can't help but investigate and solve.,Creator,https://www.imdb.com/name/nm0426059/?ref_=ls_li_1_1,Rian Johnson,Stars,https://www.imdb.com/name/nm0005169/?ref_=ls_li_2_1,Natasha Lyonne,https://www.imdb.com/name/nm0374865/?ref_=ls_li_2_2,Simon Helberg,https://www.imdb.com/name/nm0000973/?ref_=ls_li_2_3,Benjamin Bratt,"Peacock coming into 2023 swinging with this funny, weird, intelligent type of entertainment. Johnson and Lyonne have never been better here with some of the best writing and acting to come from either one. These first 4 episodes are a fast breezy fun story that doesn’t stop the party. I’m can’t wait to see the remaining episodes. The cameos are absolutely winning over a lot of people but it is no contest that Natasha Lyonne is the star and she has never been better.

9/10",,,,
https://www.imdb.com/title/tt13159924/?ref_=ls_i_76,https://www.imdb.com/title/tt13159924/?ref_=ls_t_76,76. Gen V,2023–2025,TV-MA,TV Series,,,7.6,(149K),"From the world of ""The Boys"" comes ""Gen V,"" which explores the first generation of superheroes to know that their super powers are from Compound V. These heroes put their physical and moral boundaries to the test competing for the school's top ranking.",Creators,https://www.imdb.com/name/nm1698571/?ref_=ls_li_1_1,Evan Goldberg,Stars,https://www.imdb.com/name/nm0471392/?ref_=ls_li_1_2,Eric Kripke,https://www.imdb.com/name/nm0742194/?ref_=ls_li_1_3,Craig Rosenberg,https://www.imdb.com/name/nm3596959/?ref_=ls_li_2_1,Jaz Sinclair,It makes some decisions that I wish would have been explored more. And I think if this was maybe a full ten episodes then we can get more character development. Or even progression to some of these characters that would make me more excited for The Boys season 4. I’m already excited for that season but if these characters are going to stick around it would have been nice to see more of why I would care about these people. Even the so called villains are serviceable to a point of getting to next plot point or even episode. These characters just don’t pop enough for my liking.,https://www.imdb.com/name/nm3835303/?ref_=ls_li_2_2,Lizze Broadway,https://www.imdb.com/name/nm5828485/?ref_=ls_li_2_3,Maddie Phillips
https://www.imdb.com/title/tt6741278/?ref_=ls_i_77,https://www.imdb.com/title/tt6741278/?ref_=ls_t_77,77. Invincible,2021–,TV-MA,TV Series,,,8.7,(331K),"When 17-year-old Mark Grayson inherits superpowers, he becomes the superhero Invincible.",Stars,https://www.imdb.com/name/nm3081796/?ref_=ls_li_1_1,Steven Yeun,,https://www.imdb.com/name/nm0799777/?ref_=ls_li_1_2,J.K. Simmons,https://www.imdb.com/name/nm0644897/?ref_=ls_li_1_3,Sandra Oh,,,,,,,
https://www.imdb.com/title/tt9335498/?ref_=ls_i_78,https://www.imdb.com/title/tt9335498/?ref_=ls_t_78,78. Demon Slayer: Kimetsu no Yaiba,2019–2024,TV-MA,TV Series,,,8.6,(225K),"A family is attacked by demons and only two members survive - Tanjiro and his sister Nezuko, who is turning into a demon slowly. Tanjiro sets out to become a demon slayer to avenge his family and cure his sister.",Creator,https://www.imdb.com/name/nm10281577/?ref_=ls_li_1_1,Koyoharu Gotouge,Stars,https://www.imdb.com/name/nm5137121/?ref_=ls_li_2_1,Natsuki Hanae,https://www.imdb.com/name/nm6450743/?ref_=ls_li_2_2,Zach Aguilar,https://www.imdb.com/name/nm7583837/?ref_=ls_li_2_3,Abby Trott,"Season 3 come on baby don’t disappoint.

9 episodes in and I have to say if they can regroup and gather what made this show so special then this might be my favorite show ever. Season 3 is starting to become a slower burn than usual however I appreciate it being a balls to the wall action extravaganza while also sprinkling some emotional and character building for some much needed hasiras. I’m excited but also wondering where all of this concludes to. Because My Hero Academia is my favorite show of the year is because I see where that second part started and ended which the same can be said for Demon Slayer when this is all said and done. However, I felt if they had stronger enemies (from a writing perspective) would make these demons feel more integral to the story this season would have been better. If anything we got rid of two lower rank demons out of the way that kinda don’t have a personality to bring in the upper rank three that can do some real damage. But season 3 is not a terrible season just a bummer. It does offer some real exciting things to come and even a new addition to character development is a very much needed for again what is to come.",,,,
https://www.imdb.com/title/tt15567174/?ref_=ls_i_79,https://www.imdb.com/title/tt15567174/?ref_=ls_t_79,79. The Fall of the House of Usher,2023,TV-MA,TV Mini Series,,,7.9,(135K),"The children of Roderick Usher, a CEO of a corrupt pharmaceutical company, begin to die in mysterious, brutal ways.",Creator,https://www.imdb.com/name/nm1093039/?ref_=ls_li_1_1,Mike Flanagan,Stars,https://www.imdb.com/name/nm0001303/?ref_=ls_li_2_1,Carla Gugino,https://www.imdb.com/name/nm0339304/?ref_=ls_li_2_2,Bruce Greenwood,https://www.imdb.com/name/nm0001521/?ref_=ls_li_2_3,Mary McDonnell,It is not up their with other Flanagan‘s work but it comes in flying for that number three spot easily. This is a fast pace high octane fuel amount of fun. Which is something different from the more recent outings than he has delivered. Even different from the what other Edgar Allen Poe adaptations have been. This is a fun scary story that showed a different side of his work and a very welcome one to show a different side of him. And this is a great cast to go into that direction.,,,,
https://www.imdb.com/title/tt14452776/?ref_=ls_i_80,https://www.imdb.com/title/tt14452776/?ref_=ls_t_80,80. The Bear,2022–2026,TV-MA,TV Series,,,8.5,(308K),A young chef from the fine dining world returns to Chicago to run his family's sandwich shop.,Creator,https://www.imdb.com/name/nm3846239/?ref_=ls_li_1_1,Christopher Storer,Stars,https://www.imdb.com/name/nm2087739/?ref_=ls_li_2_1,Jeremy Allen White,https://www.imdb.com/name/nm0609114/?ref_=ls_li_2_2,Ebon Moss-Bachrach,https://www.imdb.com/name/nm8731249/?ref_=ls_li_2_3,Ayo Edebiri,"Season 2: or even part 2 which is a better explanation of why this show works as an overall achievement of how to construct this long running story across 18 episodes. It is something that I have been waiting for. You look at all the shows that ended this year. Ted Lasso, Mrs. Masel, Barry, and Succession. Some succeed more than others but here is a show that spans across a singular story that just show happens to keep going. Filled with so much heart, humor and overall excitement to see good hard working people be successful. It might drive some of us to reach that potential.

10/10",,,,
https://www.imdb.com/title/tt11737520/?ref_=ls_i_81,https://www.imdb.com/title/tt11737520/?ref_=ls_t_81,81. One Piece,2023–,TV-14,TV Series,,,8.3,(205K),"With his straw hat and ragtag crew, young pirate Monkey D. Luffy goes on an epic voyage for treasure.",Creators,https://www.imdb.com/name/nm0535348/?ref_=ls_li_1_1,Steven Maeda,Stars,https://www.imdb.com/name/nm8473934/?ref_=ls_li_1_2,Matt Owens,https://www.imdb.com/name/nm7838852/?ref_=ls_li_2_1,Iñaki Godoy,https://www.imdb.com/name/nm6185683/?ref_=ls_li_2_2,Emily Rudd,"A huge surprise. As a simple enjoyer of the anime, One Piece, I invested in this one mainly because the lead is a Mexican but also I really do like this story. I love pirates and I was in desperate need of a swashbuckling adventure with some old school tropes that work so damn well. It is just so well put together that I haven’t batted an eye or even since at some creative decisions. Unlike the Cowboy Bebop live action failed so miserably.

9/10",https://www.imdb.com/name/nm5018289/?ref_=ls_li_2_3,Mackenyu,,
https://www.imdb.com/title/tt13918776/?ref_=ls_i_82,https://www.imdb.com/title/tt13918776/?ref_=ls_t_82,82. The Night Agent,2023–,TV-MA,TV Series,,,7.4,(160K),"Low-level FBI agent Peter Sutherland works in the basement of the White House manning a phone that never rings - until the night it does, propelling him into a conspiracy that leads all the way to the Oval Office.",Creator,https://www.imdb.com/name/nm0752841/?ref_=ls_li_1_1,Shawn Ryan,Stars,https://www.imdb.com/name/nm2773059/?ref_=ls_li_2_1,Gabriel Basso,https://www.imdb.com/name/nm6826652/?ref_=ls_li_2_2,Fola Evans-Akingbola,https://www.imdb.com/name/nm4578161/?ref_=ls_li_2_3,Luciane Buchanan,"It’s actually quite good. A fun keep you on your toes type of action thriller with enough here to warrant a second go around. It is not too much padding to fill the 10 episodes and each character is given enough for us to care about these people. Even the bad ones. Like holy crap these are some evil people and I’m glad to see their demise.

8/10",,,,
https://www.imdb.com/title/tt2403776/?ref_=ls_i_83,https://www.imdb.com/title/tt2403776/?ref_=ls_t_83,83. Shadow and Bone,2021–2023,TV-14,TV Series,,,7.5,(125K),Dark forces conspire against orphan mapmaker Alina Starkov when she unleashes an extraordinary power that could change the fate of her war-torn world.,Creator,https://www.imdb.com/name/nm2104063/?ref_=ls_li_1_1,Eric Heisserer,Stars,https://www.imdb.com/name/nm9438171/?ref_=ls_li_2_1,Jessie Mei Li,https://www.imdb.com/name/nm1602660/?ref_=ls_li_2_2,Ben Barnes,https://www.imdb.com/name/nm8850556/?ref_=ls_li_2_3,Archie Renaux,"Kaz, Inej, and Jesper are still my favorite characters however at least this time both Alina and Malyen are actually a couple. No more love triangle and no more friend zone. Homie is in it to win it. So the show is still a fast beating heart that has no purpose in stopping. Which I’m glad this season two hasn’t missed a beat. I enjoyed the hell out of season 1 and I’m having a blast with the newest season but bring on that spinoff.

Season 2: 9/10",,,,
https://www.imdb.com/title/tt5626028/?ref_=ls_i_84,https://www.imdb.com/title/tt5626028/?ref_=ls_t_84,84. My Hero Academia,2016–2025,TV-14,TV Series,,,8.2,(119K),"A superhero-admiring boy enrolls in a prestigious hero academy and learns what it really means to be a hero, after the strongest superhero grants him his own powers.",Creator,https://www.imdb.com/name/nm9484837/?ref_=ls_li_1_1,Kôhei Horikoshi,Stars,https://www.imdb.com/name/nm5693918/?ref_=ls_li_2_1,Daiki Yamashita,https://www.imdb.com/name/nm5211370/?ref_=ls_li_2_2,Justin Briner,https://www.imdb.com/name/nm2462004/?ref_=ls_li_2_3,Nobuhiko Okamoto,"Season 6 part 2:

It is just amazing. Why can’t more superhero properties be more like this? It really sucks that we can’t get this level of sophistication of what it means to carry that word hero. This is one of my favorite show. Forget anime or superhero story but this is by far singlehanded one of the best superhero stories ever put in front of us. This is phenomenal.

Season 6: 10/10",,,,
https://www.imdb.com/title/tt10986410/?ref_=ls_i_85,https://www.imdb.com/title/tt10986410/?ref_=ls_t_85,85. Ted Lasso,2020–,TV-MA,TV Series,,,8.7,(441K),"American college football coach Ted Lasso is hired to manage AFC Richmond, a struggling English soccer club, and must win over skeptical players, staff, and fans.",Creators,https://www.imdb.com/name/nm0837177/?ref_=ls_li_1_1,Jason Sudeikis,Stars,https://www.imdb.com/name/nm0402360/?ref_=ls_li_1_2,Brendan Hunt,https://www.imdb.com/name/nm1918708/?ref_=ls_li_1_3,Joe Kelly,https://www.imdb.com/name/nm1821446/?ref_=ls_li_2_1,Hannah Waddingham,This show is great.,https://www.imdb.com/name/nm0402360/?ref_=ls_li_2_2,Brendan Hunt,https://www.imdb.com/name/nm0837177/?ref_=ls_li_2_3,Jason Sudeikis
https://www.imdb.com/title/tt5348176/?ref_=ls_i_86,https://www.imdb.com/title/tt5348176/?ref_=ls_t_86,86. Barry,2018–2023,TV-MA,TV Series,,,8.3,(142K),A hit man from the Midwest moves to Los Angeles and gets caught up in the city's theatre arts scene.,Creators,https://www.imdb.com/name/nm0073688/?ref_=ls_li_1_1,Alec Berg,Stars,https://www.imdb.com/name/nm0352778/?ref_=ls_li_1_2,Bill Hader,https://www.imdb.com/name/nm0352778/?ref_=ls_li_2_1,Bill Hader,https://www.imdb.com/name/nm0740535/?ref_=ls_li_2_2,Stephen Root,Holy shit after episode 4 this where things are heating up.,https://www.imdb.com/name/nm3057022/?ref_=ls_li_2_3,Sarah Goldberg,,
https://www.imdb.com/title/tt11712058/?ref_=ls_i_87,https://www.imdb.com/title/tt11712058/?ref_=ls_t_87,87. Mayor of Kingstown,2021–,TV-MA,TV Series,,,8.2,(72K),"The McLusky family are power brokers tackling themes of systemic racism, corruption and inequality in Kingstown, Michigan, where the business of incarceration is the only thriving industry.",Creators,https://www.imdb.com/name/nm0792263/?ref_=ls_li_1_1,Taylor Sheridan,Stars,https://www.imdb.com/name/nm0227003/?ref_=ls_li_1_2,Hugh Dillon,https://www.imdb.com/name/nm0719637/?ref_=ls_li_2_1,Jeremy Renner,https://www.imdb.com/name/nm0227003/?ref_=ls_li_2_2,Hugh Dillon,"Season 2 is just as good. I love this show. I’m not vibing too well with the Yellowstone franchise but these others, this one and Tulsa King are right up my alley.",https://www.imdb.com/name/nm8633614/?ref_=ls_li_2_3,Tobi Bamtefa,,
https://www.imdb.com/title/tt11691774/?ref_=ls_i_88,https://www.imdb.com/title/tt11691774/?ref_=ls_t_88,88. Only Murders in the Building,2021–,TV-MA,TV Series,,,8.0,(203K),"Charles, Oliver and Mabel, three eccentric neighbors, find purpose and chaos in solving murders that hit close to home through their true-crime podcast, turning their New York apartment building into a playground of mystery and mischief.",Creators,https://www.imdb.com/name/nm0388971/?ref_=ls_li_1_1,John Hoffman,Stars,https://www.imdb.com/name/nm0000188/?ref_=ls_li_1_2,Steve Martin,https://www.imdb.com/name/nm0000188/?ref_=ls_li_2_1,Steve Martin,https://www.imdb.com/name/nm0001737/?ref_=ls_li_2_2,Martin Short,Season 3 is a little set back based off of comedy and investigation that are not that interesting as the first and second season. But Selena Gomez never looked better.,https://www.imdb.com/name/nm1411125/?ref_=ls_li_2_3,Selena Gomez,,
https://www.imdb.com/title/tt2085059/?ref_=ls_i_89,https://www.imdb.com/title/tt2085059/?ref_=ls_t_89,89. Black Mirror,2011–,TV-MA,TV Series,,,8.7,(736K),"Featuring stand-alone dramas -- sharp, suspenseful, satirical tales that explore techno-paranoia -- ""Black Mirror"" is a contemporary reworking of ""The Twilight Zone"" with stories that tap into the collective unease about the modern world.",Creator,https://www.imdb.com/name/nm0111765/?ref_=ls_li_1_1,Charlie Brooker,Stars,https://www.imdb.com/name/nm4696728/?ref_=ls_li_2_1,Anjana Vasan,https://www.imdb.com/name/nm2129662/?ref_=ls_li_2_2,Cristin Milioti,https://www.imdb.com/name/nm0687146/?ref_=ls_li_2_3,Jesse Plemons,"Black Mirror is my favorite show of all time and even with 3 episodes for season 5 I was still able to say that Black Mirror never left. I have loved all seasons and put them in the highest regard when it comes to storytelling, acting, brilliant characters with layers upon layers of examining our truest intentions. This season however sucks sick and balls. And I’m not going to fully go all film student with this season because honestly this season doesn’t deserve an hour long explanation of why this season sucks. It just feels empty up to a point where it becomes degrading of what came before it. Especially with its last episode. The last two are not even Black Mirror episodes and yes I can hear you all say people don’t like change or anything different. Fine it that is narrative you want to take then go right ahead because these last episodes are by far the worst episodes to come out of Black Mirror. The rest of the four are fine but none of them are making my top ten or even 15.

Season 6: 6/10 still including it here because I still love the shit out of the show and I’m fully on board for another season. I still believe that Black Mirror is the best anthology show out there among being my favorite show of all time.",,,,
https://www.imdb.com/title/tt19854762/?ref_=ls_i_90,https://www.imdb.com/title/tt19854762/?ref_=ls_t_90,90. Hijack,2023–,TV-MA,TV Series,,,7.3,(92K),"Sam Nelson, a master negotiator, faces a series of life-or-death situations where his skills of persuasion are his only means of survival.",Creators,https://www.imdb.com/name/nm1637768/?ref_=ls_li_1_1,Jim Field Smith,Stars,https://www.imdb.com/name/nm0443047/?ref_=ls_li_1_2,George Kay,https://www.imdb.com/name/nm0252961/?ref_=ls_li_2_1,Idris Elba,https://www.imdb.com/name/nm0066586/?ref_=ls_li_2_2,Max Beesley,Damn they drop the ball big time at the last episode. I was enjoying the crap out of this for a while but it sadly turns into lunacy to the point where I couldn’t take any of this seriously.,https://www.imdb.com/name/nm0010837/?ref_=ls_li_2_3,Christine Adams,,
https://www.imdb.com/title/tt7335184/?ref_=ls_i_91,https://www.imdb.com/title/tt7335184/?ref_=ls_t_91,91. You,2018–2025,TV-MA,TV Series,,,7.6,(367K),A charming and intense young man inserts himself into the lives of women who fascinate him.,Creators,https://www.imdb.com/name/nm0075528/?ref_=ls_li_1_1,Greg Berlanti,Stars,https://www.imdb.com/name/nm1571148/?ref_=ls_li_1_2,Sera Gamble,https://www.imdb.com/name/nm0046112/?ref_=ls_li_2_1,Penn Badgley,https://www.imdb.com/name/nm6442992/?ref_=ls_li_2_2,Victoria Pedretti,"Season 4- it is a little chaotic and all over the place but this first part of the final season is a good start up and hoping to see what else is in store.

Season 4 part 1: 7.5/10

Part 2 is actually some of the best the bad guy is the main character I have ever seen. All of you can say that this show glamorizes murder or stalking or all that bull crap but this part totally signifies that Joe is an insane psychopath but he is aware of that and he will do everything he can to not let anyone take that away from him. It is supposed to gear us up into really hating him pass beyond the obvious. Like this guy knows what he is doing is wrong and he is no longer doing it for the sake of loving. Instead now with this ending he is doing it for himself. His actions towards these people are not even on his radar he just likes killing people. And now that he knows that and fully embraces his crimes but will never pay for them makes us the audience even more excited to see this bastard put down.

9/10",https://www.imdb.com/name/nm2492359/?ref_=ls_li_2_3,Charlotte Ritchie,,
https://www.imdb.com/title/tt21047286/?ref_=ls_i_92,https://www.imdb.com/title/tt21047286/?ref_=ls_t_92,92. Resident Evil 4,2023,M,Video Game,,,9.3,(11K),"In this reimagining of the 2005 game, Leon Kennedy is sent on a mission to rescue the president's kidnapped daughter from a secluded European village where there is something terribly wrong with the locals.",Directors,https://www.imdb.com/name/nm1949238/?ref_=ls_li_1_1,Yasuhiro Anpo,Stars,https://www.imdb.com/name/nm1986334/?ref_=ls_li_1_2,Kazunori Kadoi,https://www.imdb.com/name/nm3533879/?ref_=ls_li_2_1,Nick Apostolides,https://www.imdb.com/name/nm1068777/?ref_=ls_li_2_2,Genevieve Buechner,"Not only is the best remake ever made but the OG RE4 is by far my favorite game of all time. So for me to say that this lives up to the hype and praise as the original is nothing short of amazing.

10/10",https://www.imdb.com/name/nm6268017/?ref_=ls_li_2_3,André Peña,,
